timestamp,road_id,vehicle_count,avg_speed,traffic_density,signal_wait_time,lane_count,weather,hour,day_type,congestion_level
2024-01-01 00:00:00,R104,177,42,18,36,2,1,21,1,0
2024-01-01 00:05:00,R105,170,42,32,11,2,0,20,0,0
2024-01-01 00:10:00,R103,163,29,21,147,3,2,22,1,0
2024-01-01 00:15:00,R105,33,25,97,28,3,2,18,1,1
2024-01-01 00:20:00,R105,90,30,71,123,4,2,20,0,1
2024-01-01 00:25:00,R102,199,54,82,65,4,1,17,0,0
2024-01-01 00:30:00,R103,143,71,86,104,3,0,20,0,0
2024-01-01 00:35:00,R103,144,40,49,66,3,1,6,1,1
2024-01-01 00:40:00,R103,56,51,63,111,2,2,10,1,0
2024-01-01 00:45:00,R105,48,21,90,79,3,1,9,0,2
2024-01-01 00:50:00,R104,162,74,16,91,3,1,10,0,0
2024-01-01 00:55:00,R103,194,12,26,58,3,1,22,1,0
2024-01-01 01:00:00,R105,193,18,59,100,3,0,8,1,1
2024-01-01 01:05:00,R102,199,60,33,14,2,1,2,1,0
2024-01-01 01:10:00,R104,38,25,11,66,4,1,23,0,0
2024-01-01 01:15:00,R102,125,12,92,101,2,1,4,0,2
2024-01-01 01:20:00,R104,40,33,42,45,3,2,22,1,1
2024-01-01 01:25:00,R105,83,22,30,147,3,2,0,1,0
2024-01-01 01:30:00,R101,184,11,83,121,4,0,0,0,2
2024-01-01 01:35:00,R104,46,30,62,22,4,2,19,1,1
2024-01-01 01:40:00,R102,74,28,55,131,4,0,4,0,1
2024-01-01 01:45:00,R105,48,56,54,118,2,2,18,1,0
2024-01-01 01:50:00,R104,167,31,18,101,4,0,5,1,0
2024-01-01 01:55:00,R101,44,42,15,111,3,0,2,1,0
2024-01-01 02:00:00,R101,89,41,60,65,3,0,20,1,1
2024-01-01 02:05:00,R103,82,73,44,54,3,2,12,0,0
2024-01-01 02:10:00,R103,183,48,91,69,2,1,16,1,0
2024-01-01 02:15:00,R102,149,51,62,63,4,2,2,1,0
2024-01-01 02:20:00,R104,169,18,28,46,4,1,22,0,0
2024-01-01 02:25:00,R104,35,34,78,46,4,2,2,0,1
2024-01-01 02:30:00,R103,165,11,34,23,4,1,20,0,0
2024-01-01 02:35:00,R104,119,28,20,104,3,2,22,1,0
2024-01-01 02:40:00,R104,49,29,83,111,2,0,12,0,1
2024-01-01 02:45:00,R101,64,79,26,51,4,0,1,1,0
2024-01-01 02:50:00,R103,38,26,45,10,3,0,2,0,1
2024-01-01 02:55:00,R105,53,77,99,32,3,1,19,1,0
2024-01-01 03:00:00,R103,160,12,30,37,2,1,15,0,0
2024-01-01 03:05:00,R105,190,60,27,141,4,0,20,0,0
2024-01-01 03:10:00,R101,81,35,69,27,2,1,11,0,1
2024-01-01 03:15:00,R102,137,65,27,58,4,0,8,1,0
2024-01-01 03:20:00,R104,119,73,10,56,2,2,15,1,0
2024-01-01 03:25:00,R101,41,17,23,124,4,1,3,0,0
2024-01-01 03:30:00,R104,199,46,17,48,4,1,19,1,0
2024-01-01 03:35:00,R102,199,36,75,15,2,2,17,1,1
2024-01-01 03:40:00,R102,130,54,60,62,4,1,0,1,0
2024-01-01 03:45:00,R101,183,13,88,34,2,1,6,1,2
2024-01-01 03:50:00,R102,92,46,69,108,2,1,19,1,0
2024-01-01 03:55:00,R105,166,42,43,74,4,2,11,0,1
2024-01-01 04:00:00,R102,57,40,45,142,4,0,7,1,1
2024-01-01 04:05:00,R104,89,64,71,17,2,0,7,0,0
2024-01-01 04:10:00,R104,135,21,10,48,3,2,23,0,0
2024-01-01 04:15:00,R104,98,20,94,120,2,2,21,0,2
2024-01-01 04:20:00,R104,167,41,51,52,3,2,8,1,1
2024-01-01 04:25:00,R105,28,66,10,91,3,0,13,1,0
2024-01-01 04:30:00,R103,51,47,93,132,2,2,19,0,0
2024-01-01 04:35:00,R101,151,69,63,142,2,0,4,0,0
2024-01-01 04:40:00,R104,69,28,56,13,2,2,19,0,1
2024-01-01 04:45:00,R102,101,65,48,117,3,1,20,0,0
2024-01-01 04:50:00,R104,24,23,39,102,2,0,1,1,0
2024-01-01 04:55:00,R102,167,42,16,138,2,0,20,0,0
2024-01-01 05:00:00,R102,106,19,31,103,4,2,9,0,0
2024-01-01 05:05:00,R104,145,73,59,65,4,1,23,1,0
2024-01-01 05:10:00,R105,94,73,54,12,4,0,8,0,0
2024-01-01 05:15:00,R102,184,71,83,31,2,2,6,1,0
2024-01-01 05:20:00,R102,41,77,81,65,2,1,22,0,0
2024-01-01 05:25:00,R104,87,52,19,27,2,0,21,1,0
2024-01-01 05:30:00,R102,63,68,23,125,3,2,17,1,0
2024-01-01 05:35:00,R102,53,61,55,93,3,1,11,1,0
2024-01-01 05:40:00,R104,96,28,84,39,4,0,10,0,1
2024-01-01 05:45:00,R104,61,30,15,89,3,0,9,1,0
2024-01-01 05:50:00,R101,156,31,30,75,3,1,12,0,0
2024-01-01 05:55:00,R105,125,18,71,19,3,2,8,1,2
2024-01-01 06:00:00,R105,114,18,28,68,4,2,15,1,0
2024-01-01 06:05:00,R102,154,36,97,60,4,1,20,1,1
2024-01-01 06:10:00,R105,87,26,91,132,3,0,21,0,1
2024-01-01 06:15:00,R102,166,53,71,146,2,1,16,1,0
2024-01-01 06:20:00,R101,178,54,92,63,4,1,4,1,0
2024-01-01 06:25:00,R104,147,17,62,90,3,1,5,1,1
2024-01-01 06:30:00,R104,182,27,33,146,2,0,9,1,0
2024-01-01 06:35:00,R104,104,42,65,18,2,1,10,0,1
2024-01-01 06:40:00,R105,178,10,71,110,4,1,1,0,2
2024-01-01 06:45:00,R101,102,15,43,48,2,0,6,1,1
2024-01-01 06:50:00,R105,114,50,31,145,4,0,13,1,0
2024-01-01 06:55:00,R105,51,64,77,119,3,1,3,1,0
2024-01-01 07:00:00,R101,85,14,66,75,4,2,4,1,1
2024-01-01 07:05:00,R101,135,68,19,19,2,1,18,0,0
2024-01-01 07:10:00,R101,157,27,75,126,4,0,20,1,1
2024-01-01 07:15:00,R101,149,58,17,92,4,0,19,1,0
2024-01-01 07:20:00,R104,79,74,47,148,3,0,9,0,0
2024-01-01 07:25:00,R103,36,63,71,143,2,2,5,1,0
2024-01-01 07:30:00,R103,115,70,37,79,4,0,1,1,0
2024-01-01 07:35:00,R101,163,17,19,48,3,2,2,0,0
2024-01-01 07:40:00,R103,35,12,54,22,3,0,14,1,1
2024-01-01 07:45:00,R103,65,34,74,68,3,0,9,0,1
2024-01-01 07:50:00,R101,186,78,76,76,3,1,16,1,0
2024-01-01 07:55:00,R103,178,64,18,50,3,2,6,0,0
2024-01-01 08:00:00,R105,126,49,14,44,4,1,1,0,0
2024-01-01 08:05:00,R102,107,59,19,90,4,2,6,1,0
2024-01-01 08:10:00,R102,148,42,21,43,2,0,14,1,0
2024-01-01 08:15:00,R101,158,27,91,85,4,0,2,1,1
2024-01-01 08:20:00,R104,138,66,67,79,2,2,4,1,0
2024-01-01 08:25:00,R101,104,25,30,20,2,1,21,0,0
2024-01-01 08:30:00,R104,23,47,30,121,2,2,7,1,0
2024-01-01 08:35:00,R102,90,50,74,36,4,2,3,1,0
2024-01-01 08:40:00,R101,173,16,12,57,3,2,17,1,0
2024-01-01 08:45:00,R105,130,62,78,33,2,0,18,0,0
2024-01-01 08:50:00,R103,69,72,98,27,3,2,7,0,0
2024-01-01 08:55:00,R104,159,41,73,36,2,0,22,0,1
2024-01-01 09:00:00,R103,114,47,58,63,4,1,5,0,0
2024-01-01 09:05:00,R103,111,31,81,64,2,0,4,0,1
2024-01-01 09:10:00,R101,84,25,26,129,4,1,4,1,0
2024-01-01 09:15:00,R103,66,61,82,30,3,1,16,1,0
2024-01-01 09:20:00,R105,125,38,41,124,4,1,5,1,1
2024-01-01 09:25:00,R103,149,25,79,129,3,0,12,0,1
2024-01-01 09:30:00,R101,125,26,30,67,4,2,8,1,0
2024-01-01 09:35:00,R105,43,73,16,63,2,0,23,0,0
2024-01-01 09:40:00,R102,23,22,16,12,2,1,11,0,0
2024-01-01 09:45:00,R103,127,65,36,138,4,2,9,0,0
2024-01-01 09:50:00,R101,38,14,17,15,3,0,0,0,0
2024-01-01 09:55:00,R102,173,21,82,28,3,1,10,0,2
2024-01-01 10:00:00,R102,59,50,37,95,3,1,5,1,0
2024-01-01 10:05:00,R104,69,12,88,124,4,2,2,1,2
2024-01-01 10:10:00,R105,190,42,75,132,4,0,5,1,1
2024-01-01 10:15:00,R103,94,59,80,145,4,2,8,1,0
2024-01-01 10:20:00,R101,31,65,56,82,4,2,21,0,0
2024-01-01 10:25:00,R104,46,18,91,56,3,2,7,1,2
2024-01-01 10:30:00,R105,132,59,95,94,3,2,14,1,0
2024-01-01 10:35:00,R104,68,38,19,37,4,0,21,0,0
2024-01-01 10:40:00,R105,163,48,42,55,4,2,5,0,0
2024-01-01 10:45:00,R105,149,54,16,141,3,1,22,0,0
2024-01-01 10:50:00,R103,79,26,12,129,3,1,10,1,0
2024-01-01 10:55:00,R105,49,65,23,145,2,1,9,1,0
2024-01-01 11:00:00,R104,103,55,53,125,4,2,10,1,0
2024-01-01 11:05:00,R105,185,76,55,70,2,1,3,0,0
2024-01-01 11:10:00,R103,47,78,70,26,3,0,12,0,0
2024-01-01 11:15:00,R103,44,23,45,43,3,2,7,0,1
2024-01-01 11:20:00,R104,115,76,22,29,4,2,19,0,0
2024-01-01 11:25:00,R102,144,32,25,52,2,2,14,0,0
2024-01-01 11:30:00,R102,29,70,89,19,3,0,6,0,0
2024-01-01 11:35:00,R105,61,32,14,103,2,2,0,1,0
2024-01-01 11:40:00,R101,59,36,98,124,2,2,8,0,1
2024-01-01 11:45:00,R105,96,63,47,136,2,1,22,0,0
2024-01-01 11:50:00,R104,124,19,59,119,2,1,7,0,1
2024-01-01 11:55:00,R104,137,25,47,116,2,2,1,0,1
2024-01-01 12:00:00,R104,61,50,65,114,4,0,13,0,0
2024-01-01 12:05:00,R104,66,64,72,80,4,1,11,0,0
2024-01-01 12:10:00,R104,184,70,57,93,2,2,22,0,0
2024-01-01 12:15:00,R103,41,58,99,12,4,1,16,0,0
2024-01-01 12:20:00,R102,126,61,68,55,3,1,18,0,0
2024-01-01 12:25:00,R104,46,11,86,35,2,0,5,1,2
2024-01-01 12:30:00,R101,60,59,53,147,4,2,20,1,0
2024-01-01 12:35:00,R101,99,52,99,17,4,1,4,1,0
2024-01-01 12:40:00,R101,181,17,64,64,3,2,5,1,1
2024-01-01 12:45:00,R101,179,68,64,100,3,0,2,0,0
2024-01-01 12:50:00,R103,108,74,10,147,3,0,15,1,0
2024-01-01 12:55:00,R101,85,21,17,123,3,1,17,1,0
2024-01-01 13:00:00,R104,31,13,13,88,2,0,13,0,0
2024-01-01 13:05:00,R105,187,50,94,110,4,1,14,0,0
2024-01-01 13:10:00,R101,92,16,95,95,4,2,3,0,2
2024-01-01 13:15:00,R103,95,78,62,54,3,1,10,0,0
2024-01-01 13:20:00,R103,109,78,67,59,4,1,4,1,0
2024-01-01 13:25:00,R101,29,39,46,73,4,0,8,0,1
2024-01-01 13:30:00,R105,115,15,58,104,4,2,4,0,1
2024-01-01 13:35:00,R101,195,28,76,11,3,2,6,0,1
2024-01-01 13:40:00,R103,39,75,28,104,4,1,17,1,0
2024-01-01 13:45:00,R102,58,19,10,71,4,2,17,1,0
2024-01-01 13:50:00,R104,79,25,38,83,4,2,19,0,0
2024-01-01 13:55:00,R103,85,46,96,109,2,1,23,1,0
2024-01-01 14:00:00,R101,84,41,42,120,2,1,1,0,1
2024-01-01 14:05:00,R104,198,56,61,113,4,2,22,1,0
2024-01-01 14:10:00,R101,143,52,50,24,4,1,12,0,0
2024-01-01 14:15:00,R101,183,45,32,23,4,0,12,1,0
2024-01-01 14:20:00,R102,171,35,14,36,4,2,16,1,0
2024-01-01 14:25:00,R104,174,19,80,94,4,1,21,1,2
2024-01-01 14:30:00,R104,149,40,66,18,4,2,16,0,1
2024-01-01 14:35:00,R102,178,38,15,29,2,2,5,1,0
2024-01-01 14:40:00,R103,76,14,58,88,3,0,13,1,1
2024-01-01 14:45:00,R101,97,10,31,66,4,0,20,1,0
2024-01-01 14:50:00,R105,48,12,86,109,4,2,13,0,2
2024-01-01 14:55:00,R101,34,76,85,84,4,0,11,1,0
2024-01-01 15:00:00,R101,31,44,13,145,3,1,4,0,0
2024-01-01 15:05:00,R103,120,24,81,76,4,2,4,0,2
2024-01-01 15:10:00,R101,175,76,73,28,4,0,3,0,0
2024-01-01 15:15:00,R102,103,39,46,114,3,2,22,0,1
2024-01-01 15:20:00,R102,144,52,40,20,4,2,12,0,0
2024-01-01 15:25:00,R104,122,69,46,60,3,1,3,1,0
2024-01-01 15:30:00,R105,43,49,54,135,3,1,17,0,0
2024-01-01 15:35:00,R101,168,74,99,89,4,1,15,1,0
2024-01-01 15:40:00,R101,157,38,17,63,2,0,17,1,0
2024-01-01 15:45:00,R103,129,28,49,26,2,0,1,0,1
2024-01-01 15:50:00,R102,97,12,14,33,4,0,22,0,0
2024-01-01 15:55:00,R105,120,45,37,57,3,1,3,0,0
2024-01-01 16:00:00,R104,165,52,90,93,3,2,19,1,0
2024-01-01 16:05:00,R102,161,24,96,16,3,1,16,1,2
2024-01-01 16:10:00,R104,181,50,18,20,4,0,19,1,0
2024-01-01 16:15:00,R103,147,45,11,21,2,0,5,1,0
2024-01-01 16:20:00,R103,77,42,72,119,3,0,17,1,1
2024-01-01 16:25:00,R101,95,14,60,142,3,1,19,1,1
2024-01-01 16:30:00,R105,169,23,40,142,4,0,6,1,0
2024-01-01 16:35:00,R104,55,77,16,137,2,1,12,1,0
2024-01-01 16:40:00,R102,192,56,39,63,2,2,8,1,0
2024-01-01 16:45:00,R103,183,63,67,64,4,1,1,0,0
2024-01-01 16:50:00,R101,41,13,12,88,2,0,7,1,0
2024-01-01 16:55:00,R101,146,18,60,99,4,2,13,0,1
2024-01-01 17:00:00,R104,99,62,65,106,3,0,21,0,0
2024-01-01 17:05:00,R103,119,69,82,136,4,2,23,1,0
2024-01-01 17:10:00,R105,115,55,19,39,3,0,17,1,0
2024-01-01 17:15:00,R103,180,63,70,33,4,1,0,1,0
2024-01-01 17:20:00,R104,192,46,59,140,3,0,22,1,0
2024-01-01 17:25:00,R104,183,32,56,131,3,1,8,1,1
2024-01-01 17:30:00,R103,167,36,99,109,4,1,8,1,1
2024-01-01 17:35:00,R104,37,79,10,80,3,2,1,0,0
2024-01-01 17:40:00,R103,57,75,66,23,2,1,15,0,0
2024-01-01 17:45:00,R102,170,70,47,57,4,1,3,1,0
2024-01-01 17:50:00,R103,128,60,71,38,2,1,12,0,0
2024-01-01 17:55:00,R103,142,59,88,59,3,2,16,0,0
2024-01-01 18:00:00,R104,163,28,98,147,3,0,10,0,1
2024-01-01 18:05:00,R104,168,10,79,36,3,0,22,0,2
2024-01-01 18:10:00,R101,123,49,91,88,4,1,1,0,0
2024-01-01 18:15:00,R101,159,41,74,105,3,1,3,0,1
2024-01-01 18:20:00,R102,163,31,71,146,2,0,11,1,1
2024-01-01 18:25:00,R101,100,75,65,80,2,1,1,0,0
2024-01-01 18:30:00,R103,106,49,76,89,4,0,0,0,0
2024-01-01 18:35:00,R104,161,47,26,90,2,2,22,0,0
2024-01-01 18:40:00,R101,80,57,17,96,4,1,5,0,0
2024-01-01 18:45:00,R101,65,64,69,17,4,1,15,1,0
2024-01-01 18:50:00,R102,51,64,49,11,3,0,1,0,0
2024-01-01 18:55:00,R102,34,60,90,132,2,0,13,1,0
2024-01-01 19:00:00,R103,63,69,98,130,2,2,19,0,0
2024-01-01 19:05:00,R104,164,17,71,105,2,1,11,1,2
2024-01-01 19:10:00,R102,188,77,50,102,3,0,18,0,0
2024-01-01 19:15:00,R101,73,18,21,12,4,2,2,0,0
2024-01-01 19:20:00,R104,63,11,98,145,2,0,18,0,2
2024-01-01 19:25:00,R104,117,79,63,11,2,0,10,1,0
2024-01-01 19:30:00,R101,24,68,98,124,2,2,3,1,0
2024-01-01 19:35:00,R102,128,28,20,58,2,2,16,1,0
2024-01-01 19:40:00,R101,46,37,69,110,3,2,16,1,1
2024-01-01 19:45:00,R104,135,23,77,38,4,2,6,0,2
2024-01-01 19:50:00,R105,106,33,87,83,2,2,4,0,1
2024-01-01 19:55:00,R105,123,53,55,114,2,2,18,1,0
2024-01-01 20:00:00,R103,142,65,47,15,4,1,20,0,0
2024-01-01 20:05:00,R101,98,60,70,71,3,2,18,0,0
2024-01-01 20:10:00,R101,62,41,26,40,3,1,8,0,0
2024-01-01 20:15:00,R103,116,59,75,128,3,0,16,1,0
2024-01-01 20:20:00,R103,50,50,81,21,3,0,8,1,0
2024-01-01 20:25:00,R103,118,75,45,21,2,2,13,0,0
2024-01-01 20:30:00,R104,36,34,83,34,4,0,4,1,1
2024-01-01 20:35:00,R101,102,70,16,100,4,2,21,1,0
2024-01-01 20:40:00,R104,129,75,25,97,4,2,1,1,0
2024-01-01 20:45:00,R103,51,51,23,85,3,1,23,1,0
2024-01-01 20:50:00,R101,187,74,89,27,3,0,14,0,0
2024-01-01 20:55:00,R104,160,45,34,54,4,2,15,1,0
2024-01-01 21:00:00,R104,54,18,13,120,2,0,18,1,0
2024-01-01 21:05:00,R103,152,45,38,89,3,1,0,0,0
2024-01-01 21:10:00,R101,48,47,65,77,2,0,22,1,0
2024-01-01 21:15:00,R103,89,42,15,149,4,1,11,0,0
2024-01-01 21:20:00,R101,172,51,10,27,3,1,18,0,0
2024-01-01 21:25:00,R105,114,70,48,63,2,1,19,1,0
2024-01-01 21:30:00,R102,41,55,10,121,3,2,14,0,0
2024-01-01 21:35:00,R102,192,70,72,106,4,2,4,0,0
2024-01-01 21:40:00,R102,88,27,66,36,4,0,0,1,1
2024-01-01 21:45:00,R103,108,79,76,87,4,2,10,1,0
2024-01-01 21:50:00,R105,91,24,74,97,2,2,8,1,2
2024-01-01 21:55:00,R101,148,57,74,63,3,0,6,0,0
2024-01-01 22:00:00,R104,191,22,30,96,3,1,1,0,0
2024-01-01 22:05:00,R101,106,52,39,14,3,1,16,0,0
2024-01-01 22:10:00,R104,115,69,42,132,4,0,15,0,0
2024-01-01 22:15:00,R101,94,66,57,63,2,2,15,0,0
2024-01-01 22:20:00,R105,186,26,31,48,4,0,13,0,0
2024-01-01 22:25:00,R104,73,59,63,118,4,0,1,1,0
2024-01-01 22:30:00,R103,107,41,13,141,2,2,18,0,0
2024-01-01 22:35:00,R101,176,31,96,83,4,0,2,0,1
2024-01-01 22:40:00,R101,73,64,64,74,4,2,7,1,0
2024-01-01 22:45:00,R104,35,66,53,46,3,2,20,0,0
2024-01-01 22:50:00,R103,118,22,98,76,2,0,18,0,2
2024-01-01 22:55:00,R103,39,56,21,120,2,1,15,0,0
2024-01-01 23:00:00,R105,65,71,90,134,3,2,21,1,0
2024-01-01 23:05:00,R103,146,63,88,96,2,1,3,1,0
2024-01-01 23:10:00,R103,77,38,83,56,3,2,7,1,1
2024-01-01 23:15:00,R103,130,31,61,22,4,1,0,1,1
2024-01-01 23:20:00,R102,148,74,85,53,2,0,3,0,0
2024-01-01 23:25:00,R105,100,38,74,134,2,2,6,0,1
2024-01-01 23:30:00,R101,176,57,74,128,4,0,0,1,0
2024-01-01 23:35:00,R104,103,14,19,140,4,0,23,0,0
2024-01-01 23:40:00,R101,89,44,27,135,2,0,17,0,0
2024-01-01 23:45:00,R105,27,55,56,147,2,2,3,0,0
2024-01-01 23:50:00,R104,48,44,75,58,2,0,19,1,1
2024-01-01 23:55:00,R105,131,54,58,133,3,0,13,0,0
2024-01-02 00:00:00,R103,198,22,81,87,2,2,7,1,2
2024-01-02 00:05:00,R104,180,19,31,139,2,0,17,0,0
2024-01-02 00:10:00,R103,150,75,95,112,4,2,6,0,0
2024-01-02 00:15:00,R101,182,79,35,114,4,0,2,1,0
2024-01-02 00:20:00,R101,127,34,99,129,3,1,20,1,1
2024-01-02 00:25:00,R104,128,53,18,40,4,0,13,0,0
2024-01-02 00:30:00,R104,39,69,30,77,2,1,11,1,0
2024-01-02 00:35:00,R105,92,56,72,46,2,2,14,1,0
2024-01-02 00:40:00,R105,186,49,15,33,3,1,7,0,0
2024-01-02 00:45:00,R103,23,16,23,53,4,2,4,1,0
2024-01-02 00:50:00,R104,38,55,42,92,4,0,16,1,0
2024-01-02 00:55:00,R101,121,32,80,50,4,1,9,1,1
2024-01-02 01:00:00,R105,192,55,33,51,3,0,10,1,0
2024-01-02 01:05:00,R105,190,22,82,117,4,1,22,1,2
2024-01-02 01:10:00,R101,160,30,84,49,4,2,15,1,1
2024-01-02 01:15:00,R105,160,10,96,57,4,2,15,0,2
2024-01-02 01:20:00,R103,105,28,60,122,2,2,3,1,1
2024-01-02 01:25:00,R104,71,69,11,93,3,2,22,1,0
2024-01-02 01:30:00,R101,130,42,24,13,2,0,4,0,0
2024-01-02 01:35:00,R104,128,13,44,117,3,0,9,1,1
2024-01-02 01:40:00,R105,105,12,45,69,4,0,13,1,1
2024-01-02 01:45:00,R105,62,61,48,123,2,0,8,0,0
2024-01-02 01:50:00,R101,61,37,13,14,4,0,17,0,0
2024-01-02 01:55:00,R103,109,79,73,115,4,2,19,1,0
2024-01-02 02:00:00,R102,134,79,83,15,3,0,5,1,0
2024-01-02 02:05:00,R101,45,64,15,23,4,0,10,0,0
2024-01-02 02:10:00,R102,170,66,66,135,2,0,20,1,0
2024-01-02 02:15:00,R102,62,25,39,149,3,2,16,1,0
2024-01-02 02:20:00,R103,96,33,83,71,3,2,8,0,1
2024-01-02 02:25:00,R102,175,78,76,36,2,2,2,0,0
2024-01-02 02:30:00,R102,156,50,99,63,4,2,15,0,0
2024-01-02 02:35:00,R103,39,56,24,99,4,0,19,1,0
2024-01-02 02:40:00,R102,58,78,26,21,4,0,3,0,0
2024-01-02 02:45:00,R102,198,40,27,145,4,1,23,1,0
2024-01-02 02:50:00,R102,31,39,28,83,4,0,21,0,0
2024-01-02 02:55:00,R101,30,27,85,35,3,2,14,0,1
2024-01-02 03:00:00,R101,173,53,97,145,3,2,1,1,0
2024-01-02 03:05:00,R101,61,36,78,54,2,0,19,0,1
2024-01-02 03:10:00,R103,174,35,33,93,4,1,16,1,0
2024-01-02 03:15:00,R105,30,69,57,112,4,2,18,1,0
2024-01-02 03:20:00,R102,57,27,39,133,4,1,19,1,0
2024-01-02 03:25:00,R102,117,65,24,132,2,2,15,1,0
2024-01-02 03:30:00,R103,190,40,56,125,4,2,23,1,1
2024-01-02 03:35:00,R102,38,68,53,23,3,0,18,0,0
2024-01-02 03:40:00,R101,153,11,36,26,4,2,20,0,0
2024-01-02 03:45:00,R105,193,48,93,22,2,1,16,1,0
2024-01-02 03:50:00,R104,135,70,73,102,3,1,3,1,0
2024-01-02 03:55:00,R102,132,72,50,72,3,0,17,1,0
2024-01-02 04:00:00,R101,189,27,77,42,3,2,3,1,1
2024-01-02 04:05:00,R104,84,26,14,38,4,1,20,0,0
2024-01-02 04:10:00,R105,118,48,62,46,2,0,2,0,0
2024-01-02 04:15:00,R104,91,63,17,112,2,1,21,0,0
2024-01-02 04:20:00,R101,71,44,31,33,4,0,17,0,0
2024-01-02 04:25:00,R104,137,20,16,142,2,1,20,0,0
2024-01-02 04:30:00,R103,194,70,31,134,3,2,19,0,0
2024-01-02 04:35:00,R104,139,53,55,62,3,1,4,1,0
2024-01-02 04:40:00,R102,26,77,39,97,2,1,8,0,0
2024-01-02 04:45:00,R102,30,34,25,107,2,0,21,0,0
2024-01-02 04:50:00,R103,122,57,88,123,4,0,22,1,0
2024-01-02 04:55:00,R101,80,41,14,104,4,0,23,1,0
2024-01-02 05:00:00,R102,87,13,76,129,4,1,14,1,2
2024-01-02 05:05:00,R105,172,47,32,82,4,0,8,1,0
2024-01-02 05:10:00,R102,159,72,70,115,4,2,13,1,0
2024-01-02 05:15:00,R102,173,56,83,35,4,0,20,0,0
2024-01-02 05:20:00,R101,121,10,14,27,3,0,23,1,0
2024-01-02 05:25:00,R104,129,12,32,145,2,2,1,1,0
2024-01-02 05:30:00,R102,159,71,88,67,4,0,17,1,0
2024-01-02 05:35:00,R103,190,73,91,102,3,0,12,0,0
2024-01-02 05:40:00,R104,70,26,34,58,2,1,20,1,0
2024-01-02 05:45:00,R105,136,71,17,80,2,1,15,1,0
2024-01-02 05:50:00,R101,184,44,30,74,2,0,5,0,0
2024-01-02 05:55:00,R105,65,22,11,42,4,2,15,1,0
2024-01-02 06:00:00,R104,72,44,31,59,4,0,3,0,0
2024-01-02 06:05:00,R104,107,52,81,13,4,0,23,0,0
2024-01-02 06:10:00,R104,140,11,96,128,2,0,9,1,2
2024-01-02 06:15:00,R105,32,65,81,93,2,1,18,0,0
2024-01-02 06:20:00,R104,108,60,77,126,3,2,10,1,0
2024-01-02 06:25:00,R105,144,63,73,111,3,2,4,1,0
2024-01-02 06:30:00,R104,137,25,28,140,3,2,17,1,0
2024-01-02 06:35:00,R103,73,27,96,15,3,1,2,0,1
2024-01-02 06:40:00,R104,135,16,91,32,2,1,7,0,2
2024-01-02 06:45:00,R105,137,54,62,144,4,0,10,0,0
2024-01-02 06:50:00,R102,23,45,96,129,4,1,20,0,0
2024-01-02 06:55:00,R104,94,50,61,70,4,0,18,0,0
2024-01-02 07:00:00,R102,68,51,56,109,4,1,20,1,0
2024-01-02 07:05:00,R103,26,16,91,74,3,0,2,1,2
2024-01-02 07:10:00,R101,129,24,63,143,2,1,11,1,1
2024-01-02 07:15:00,R103,141,69,53,33,4,2,14,0,0
2024-01-02 07:20:00,R104,30,49,16,46,2,0,22,0,0
2024-01-02 07:25:00,R102,111,46,10,54,3,1,23,0,0
2024-01-02 07:30:00,R102,192,75,72,109,3,1,15,1,0
2024-01-02 07:35:00,R105,42,64,48,111,4,0,4,1,0
2024-01-02 07:40:00,R102,47,65,28,72,4,1,18,0,0
2024-01-02 07:45:00,R105,130,53,40,38,3,2,5,1,0
2024-01-02 07:50:00,R101,76,66,86,110,3,0,11,0,0
2024-01-02 07:55:00,R104,45,15,33,118,2,0,18,1,0
2024-01-02 08:00:00,R105,172,41,78,105,3,0,8,0,1
2024-01-02 08:05:00,R101,73,27,96,19,2,0,17,0,1
2024-01-02 08:10:00,R102,48,77,92,44,3,0,2,1,0
2024-01-02 08:15:00,R102,116,16,74,64,2,2,22,1,2
2024-01-02 08:20:00,R101,183,17,42,105,3,0,13,0,1
2024-01-02 08:25:00,R102,33,73,68,132,3,2,23,1,0
2024-01-02 08:30:00,R101,97,16,42,21,2,2,20,1,1
2024-01-02 08:35:00,R105,54,50,41,13,2,2,4,1,0
2024-01-02 08:40:00,R105,49,49,68,115,4,0,4,0,0
2024-01-02 08:45:00,R101,111,12,50,99,4,2,3,1,1
2024-01-02 08:50:00,R105,36,26,21,76,3,0,21,1,0
2024-01-02 08:55:00,R105,177,75,82,74,3,2,15,1,0
2024-01-02 09:00:00,R105,112,61,20,91,2,0,12,1,0
2024-01-02 09:05:00,R103,192,31,28,114,3,1,7,0,0
2024-01-02 09:10:00,R104,98,13,63,93,4,1,23,0,1
2024-01-02 09:15:00,R102,129,15,66,114,2,2,20,0,1
2024-01-02 09:20:00,R103,198,47,51,124,3,1,15,1,0
2024-01-02 09:25:00,R105,121,35,80,37,2,2,1,0,1
2024-01-02 09:30:00,R101,125,20,40,25,4,2,7,1,0
2024-01-02 09:35:00,R105,66,26,61,30,4,2,2,0,1
2024-01-02 09:40:00,R104,83,40,11,86,4,1,22,0,0
2024-01-02 09:45:00,R105,185,44,92,51,3,2,8,1,1
2024-01-02 09:50:00,R101,83,25,47,63,3,1,10,1,1
2024-01-02 09:55:00,R104,106,27,41,41,3,1,20,1,1
2024-01-02 10:00:00,R105,26,71,19,123,3,0,23,0,0
2024-01-02 10:05:00,R104,41,36,17,47,3,1,19,1,0
2024-01-02 10:10:00,R102,100,44,99,123,3,0,0,1,1
2024-01-02 10:15:00,R102,188,54,84,119,4,2,0,1,0
2024-01-02 10:20:00,R105,93,44,29,112,4,2,21,0,0
2024-01-02 10:25:00,R104,157,37,29,86,3,0,7,1,0
2024-01-02 10:30:00,R101,154,18,18,149,4,2,15,0,0
2024-01-02 10:35:00,R105,144,24,81,62,2,0,9,0,2
2024-01-02 10:40:00,R102,69,30,24,130,3,0,1,1,0
2024-01-02 10:45:00,R102,71,61,97,12,2,2,15,1,0
2024-01-02 10:50:00,R105,180,44,72,63,3,0,3,1,1
2024-01-02 10:55:00,R104,20,60,30,49,3,0,18,1,0
2024-01-02 11:00:00,R102,181,64,14,77,4,0,8,0,0
2024-01-02 11:05:00,R104,23,53,44,123,2,2,2,1,0
2024-01-02 11:10:00,R102,164,74,94,139,4,2,10,1,0
2024-01-02 11:15:00,R102,151,34,77,51,3,2,7,0,1
2024-01-02 11:20:00,R103,190,56,57,103,2,2,6,0,0
2024-01-02 11:25:00,R102,23,65,89,110,3,2,0,1,0
2024-01-02 11:30:00,R101,20,47,99,133,4,1,7,1,0
2024-01-02 11:35:00,R105,90,20,71,11,3,1,23,1,2
2024-01-02 11:40:00,R105,197,76,44,100,3,0,16,1,0
2024-01-02 11:45:00,R104,54,24,79,68,4,1,10,1,2
2024-01-02 11:50:00,R102,27,10,30,107,3,2,6,0,0
2024-01-02 11:55:00,R101,171,16,89,25,2,2,8,0,2
2024-01-02 12:00:00,R104,55,10,48,25,4,2,13,0,1
2024-01-02 12:05:00,R103,197,58,43,117,3,0,4,1,0
2024-01-02 12:10:00,R104,142,38,24,32,4,0,17,1,0
2024-01-02 12:15:00,R104,62,35,15,51,3,0,23,1,0
2024-01-02 12:20:00,R102,46,54,75,46,4,0,22,1,0
2024-01-02 12:25:00,R103,51,21,97,81,4,0,12,0,2
2024-01-02 12:30:00,R104,97,41,65,143,2,0,4,0,1
2024-01-02 12:35:00,R101,140,29,58,125,4,1,7,1,1
2024-01-02 12:40:00,R101,165,60,10,15,2,2,14,1,0
2024-01-02 12:45:00,R105,175,45,74,41,4,1,21,1,0
2024-01-02 12:50:00,R103,176,76,37,47,4,0,3,0,0
2024-01-02 12:55:00,R103,35,10,29,46,3,2,0,0,0
2024-01-02 13:00:00,R105,118,36,57,70,3,2,5,1,1
2024-01-02 13:05:00,R104,66,49,81,86,3,2,23,1,0
2024-01-02 13:10:00,R103,50,23,74,136,4,1,18,0,2
2024-01-02 13:15:00,R101,23,78,99,95,4,2,11,1,0
2024-01-02 13:20:00,R101,184,15,60,16,2,0,6,0,1
2024-01-02 13:25:00,R102,36,42,52,94,2,0,12,1,1
2024-01-02 13:30:00,R103,58,64,58,15,2,1,6,0,0
2024-01-02 13:35:00,R104,67,28,34,12,3,1,8,1,0
2024-01-02 13:40:00,R105,193,38,83,146,3,0,0,0,1
2024-01-02 13:45:00,R105,195,70,85,56,2,1,20,0,0
2024-01-02 13:50:00,R104,58,79,50,94,4,2,23,1,0
2024-01-02 13:55:00,R102,151,33,80,103,3,1,12,0,1
2024-01-02 14:00:00,R105,49,32,73,32,3,2,18,1,1
2024-01-02 14:05:00,R103,177,19,70,12,2,2,20,0,1
2024-01-02 14:10:00,R102,41,63,21,138,3,2,0,1,0
2024-01-02 14:15:00,R103,85,50,90,76,2,2,19,1,0
2024-01-02 14:20:00,R101,127,58,78,80,3,2,20,0,0
2024-01-02 14:25:00,R102,31,26,23,140,4,0,18,1,0
2024-01-02 14:30:00,R105,55,65,43,76,4,0,17,1,0
2024-01-02 14:35:00,R102,37,54,57,64,3,0,22,1,0
2024-01-02 14:40:00,R102,109,39,70,141,2,2,4,1,1
2024-01-02 14:45:00,R102,20,53,90,40,3,1,2,0,0
2024-01-02 14:50:00,R102,146,64,44,75,2,1,1,0,0
2024-01-02 14:55:00,R103,109,28,74,110,3,2,21,1,1
2024-01-02 15:00:00,R101,106,38,68,73,4,1,9,0,1
2024-01-02 15:05:00,R104,109,11,45,40,4,2,5,1,1
2024-01-02 15:10:00,R102,153,45,88,126,3,1,18,1,0
2024-01-02 15:15:00,R105,89,28,28,75,3,2,16,1,0
2024-01-02 15:20:00,R102,63,16,51,56,3,1,18,0,1
2024-01-02 15:25:00,R105,171,35,78,31,4,1,12,1,1
2024-01-02 15:30:00,R103,105,47,28,103,4,0,16,1,0
2024-01-02 15:35:00,R105,38,12,48,92,2,1,22,0,1
2024-01-02 15:40:00,R104,120,75,78,55,3,1,17,1,0
2024-01-02 15:45:00,R101,165,52,61,98,3,2,10,0,0
2024-01-02 15:50:00,R105,114,71,21,128,4,1,19,0,0
2024-01-02 15:55:00,R105,120,33,92,55,3,1,19,0,1
2024-01-02 16:00:00,R101,49,48,56,10,2,1,12,1,0
2024-01-02 16:05:00,R104,189,77,85,105,3,1,23,1,0
2024-01-02 16:10:00,R102,52,53,45,70,4,1,10,1,0
2024-01-02 16:15:00,R105,31,14,72,114,3,0,19,1,2
2024-01-02 16:20:00,R101,137,64,85,90,4,1,18,1,0
2024-01-02 16:25:00,R103,113,39,91,23,2,2,9,1,1
2024-01-02 16:30:00,R101,174,38,60,54,2,2,2,1,1
2024-01-02 16:35:00,R103,186,35,52,86,3,1,20,1,1
2024-01-02 16:40:00,R104,156,35,43,75,3,1,5,1,1
2024-01-02 16:45:00,R102,168,46,58,41,4,1,6,1,0
2024-01-02 16:50:00,R101,95,62,27,105,2,0,20,1,0
2024-01-02 16:55:00,R105,48,39,70,67,2,2,22,1,1
2024-01-02 17:00:00,R104,180,12,66,113,2,0,19,0,1
2024-01-02 17:05:00,R101,136,52,14,65,2,0,4,0,0
2024-01-02 17:10:00,R105,34,16,98,143,3,1,21,1,2
2024-01-02 17:15:00,R101,21,58,33,76,3,1,8,1,0
2024-01-02 17:20:00,R103,199,50,73,127,4,2,21,0,0
2024-01-02 17:25:00,R101,136,63,68,47,2,1,9,0,0
2024-01-02 17:30:00,R101,191,78,47,140,3,2,13,1,0
2024-01-02 17:35:00,R101,37,36,42,121,3,0,10,1,1
2024-01-02 17:40:00,R104,22,17,19,142,2,2,16,1,0
2024-01-02 17:45:00,R101,154,41,46,63,3,2,10,1,1
2024-01-02 17:50:00,R105,190,73,96,43,4,2,6,1,0
2024-01-02 17:55:00,R103,185,19,20,48,4,0,10,0,0
2024-01-02 18:00:00,R103,184,22,33,121,2,0,12,1,0
2024-01-02 18:05:00,R101,180,72,97,97,4,1,18,0,0
2024-01-02 18:10:00,R104,127,44,80,57,3,1,5,0,1
2024-01-02 18:15:00,R104,114,70,30,58,4,2,1,1,0
2024-01-02 18:20:00,R105,141,63,29,43,3,2,13,1,0
2024-01-02 18:25:00,R101,30,17,19,109,2,0,15,0,0
2024-01-02 18:30:00,R103,87,38,98,144,2,0,6,1,1
2024-01-02 18:35:00,R104,142,50,56,27,3,0,0,0,0
2024-01-02 18:40:00,R101,132,39,56,79,3,2,1,0,1
2024-01-02 18:45:00,R104,117,30,24,123,4,2,8,1,0
2024-01-02 18:50:00,R104,112,20,53,43,3,0,22,1,1
2024-01-02 18:55:00,R103,41,11,71,60,2,2,17,1,2
2024-01-02 19:00:00,R102,191,59,15,114,3,0,20,0,0
2024-01-02 19:05:00,R105,146,50,75,102,4,1,19,0,0
2024-01-02 19:10:00,R105,153,75,85,78,4,0,17,0,0
2024-01-02 19:15:00,R103,189,12,13,98,3,2,17,1,0
2024-01-02 19:20:00,R104,44,60,32,112,4,2,9,0,0
2024-01-02 19:25:00,R101,104,77,22,145,4,2,7,1,0
2024-01-02 19:30:00,R104,74,34,90,92,2,2,20,1,1
2024-01-02 19:35:00,R103,163,39,40,20,3,0,7,0,0
2024-01-02 19:40:00,R105,114,20,25,45,2,0,1,1,0
2024-01-02 19:45:00,R104,161,26,50,91,2,1,17,0,1
2024-01-02 19:50:00,R105,186,35,99,47,4,0,10,1,1
2024-01-02 19:55:00,R101,175,32,10,98,2,1,10,1,0
2024-01-02 20:00:00,R105,198,65,21,10,3,0,18,0,0
2024-01-02 20:05:00,R105,138,61,65,113,3,0,10,1,0
2024-01-02 20:10:00,R102,196,57,59,74,3,2,9,0,0
2024-01-02 20:15:00,R102,28,29,29,10,2,1,7,1,0
2024-01-02 20:20:00,R102,192,11,75,134,3,2,14,0,2
2024-01-02 20:25:00,R105,169,40,45,69,3,2,7,0,1
2024-01-02 20:30:00,R103,179,36,88,34,2,0,18,1,1
2024-01-02 20:35:00,R105,61,11,47,100,2,0,0,1,1
2024-01-02 20:40:00,R103,72,13,31,147,2,1,22,0,0
2024-01-02 20:45:00,R103,93,22,70,59,2,1,19,0,1
2024-01-02 20:50:00,R102,58,44,59,149,4,0,2,0,1
2024-01-02 20:55:00,R104,141,75,68,101,2,1,20,0,0
2024-01-02 21:00:00,R101,34,15,29,41,2,0,11,1,0
2024-01-02 21:05:00,R102,176,40,45,42,3,0,15,1,1
2024-01-02 21:10:00,R102,142,19,24,35,3,0,21,1,0
2024-01-02 21:15:00,R104,130,30,71,51,2,1,15,1,1
2024-01-02 21:20:00,R101,150,32,12,70,2,2,16,1,0
2024-01-02 21:25:00,R105,102,12,14,50,2,1,15,0,0
2024-01-02 21:30:00,R105,29,41,65,139,3,2,8,0,1
2024-01-02 21:35:00,R102,111,29,40,108,3,1,21,1,0
2024-01-02 21:40:00,R101,48,38,95,107,2,2,18,1,1
2024-01-02 21:45:00,R102,54,61,44,40,3,2,0,0,0
2024-01-02 21:50:00,R103,25,55,80,124,3,1,17,1,0
2024-01-02 21:55:00,R102,159,43,79,57,2,1,5,1,1
2024-01-02 22:00:00,R102,130,70,35,11,3,2,5,0,0
2024-01-02 22:05:00,R105,57,79,10,148,2,0,11,1,0
2024-01-02 22:10:00,R105,96,20,92,110,4,2,2,1,2
2024-01-02 22:15:00,R105,112,72,16,137,4,2,10,1,0
2024-01-02 22:20:00,R103,166,30,45,68,4,0,5,1,1
2024-01-02 22:25:00,R105,86,12,85,129,3,2,13,0,2
2024-01-02 22:30:00,R101,155,19,93,47,4,0,17,1,2
2024-01-02 22:35:00,R104,27,36,96,116,3,0,15,1,1
2024-01-02 22:40:00,R101,141,21,34,30,2,1,23,0,0
2024-01-02 22:45:00,R101,103,16,68,51,4,2,12,0,1
2024-01-02 22:50:00,R105,194,26,70,146,3,2,0,0,1
2024-01-02 22:55:00,R104,151,74,38,149,4,0,5,1,0
2024-01-02 23:00:00,R104,198,73,27,19,3,2,13,0,0
2024-01-02 23:05:00,R104,104,35,50,142,3,0,16,0,1
2024-01-02 23:10:00,R103,64,24,28,42,2,2,12,1,0
2024-01-02 23:15:00,R105,155,42,13,78,3,2,12,0,0
2024-01-02 23:20:00,R104,106,71,74,89,3,0,8,1,0
2024-01-02 23:25:00,R103,35,56,50,110,4,0,5,1,0
2024-01-02 23:30:00,R102,96,44,24,38,2,2,5,1,0
2024-01-02 23:35:00,R102,28,74,63,143,3,2,4,0,0
2024-01-02 23:40:00,R103,79,34,73,62,4,0,20,1,1
2024-01-02 23:45:00,R103,97,66,81,133,2,1,13,0,0
2024-01-02 23:50:00,R105,96,41,24,51,3,1,13,0,0
2024-01-02 23:55:00,R105,90,72,88,56,4,2,3,1,0
2024-01-03 00:00:00,R102,34,21,59,20,2,2,1,1,1
2024-01-03 00:05:00,R104,90,72,31,92,2,2,1,0,0
2024-01-03 00:10:00,R102,121,10,27,118,2,0,16,1,0
2024-01-03 00:15:00,R104,188,60,89,36,2,2,9,0,0
2024-01-03 00:20:00,R104,41,79,11,71,3,2,13,0,0
2024-01-03 00:25:00,R105,171,17,45,140,3,2,18,0,1
2024-01-03 00:30:00,R101,132,77,29,112,2,1,16,0,0
2024-01-03 00:35:00,R101,191,14,25,53,2,2,21,0,0
2024-01-03 00:40:00,R103,20,48,76,102,3,2,10,0,0
2024-01-03 00:45:00,R105,29,32,39,39,4,0,6,1,0
2024-01-03 00:50:00,R104,129,77,64,128,2,1,8,0,0
2024-01-03 00:55:00,R101,132,61,75,38,3,0,13,0,0
2024-01-03 01:00:00,R104,69,13,35,39,3,2,22,1,0
2024-01-03 01:05:00,R101,31,56,66,113,4,2,3,1,0
2024-01-03 01:10:00,R101,108,30,78,119,3,2,13,0,1
2024-01-03 01:15:00,R101,173,65,11,41,2,2,19,0,0
2024-01-03 01:20:00,R105,131,75,65,147,3,2,23,0,0
2024-01-03 01:25:00,R102,97,68,93,60,2,0,19,1,0
2024-01-03 01:30:00,R104,188,16,71,145,3,2,16,0,2
2024-01-03 01:35:00,R105,183,58,43,45,2,2,18,0,0
2024-01-03 01:40:00,R105,140,25,65,64,2,1,16,1,1
2024-01-03 01:45:00,R105,42,26,64,45,3,1,13,1,1
2024-01-03 01:50:00,R105,190,43,29,65,2,2,12,1,0
2024-01-03 01:55:00,R105,153,42,59,45,3,2,13,0,1
2024-01-03 02:00:00,R103,190,35,34,98,3,2,15,1,0
2024-01-03 02:05:00,R104,44,75,93,71,3,2,20,0,0
2024-01-03 02:10:00,R105,37,72,34,118,2,2,14,1,0
2024-01-03 02:15:00,R104,160,50,62,96,3,2,18,1,0
2024-01-03 02:20:00,R103,62,67,23,73,4,0,21,0,0
2024-01-03 02:25:00,R103,97,19,69,66,2,0,10,0,1
2024-01-03 02:30:00,R104,47,24,52,122,4,0,11,1,1
2024-01-03 02:35:00,R101,165,51,71,79,4,1,10,0,0
2024-01-03 02:40:00,R102,78,66,85,29,4,2,22,0,0
2024-01-03 02:45:00,R101,82,26,78,63,4,1,4,1,1
2024-01-03 02:50:00,R101,111,69,72,10,3,1,7,0,0
2024-01-03 02:55:00,R101,198,18,11,99,4,1,5,0,0
2024-01-03 03:00:00,R105,75,45,63,147,2,0,15,1,0
2024-01-03 03:05:00,R103,174,45,25,122,4,2,11,0,0
2024-01-03 03:10:00,R101,179,57,64,22,4,2,5,0,0
2024-01-03 03:15:00,R103,130,60,52,119,4,1,12,0,0
2024-01-03 03:20:00,R104,156,79,70,100,3,0,6,1,0
2024-01-03 03:25:00,R102,87,77,47,104,4,1,7,0,0
2024-01-03 03:30:00,R104,65,31,54,52,4,1,11,0,1
2024-01-03 03:35:00,R104,86,15,60,147,4,2,1,0,1
2024-01-03 03:40:00,R105,173,35,51,83,2,0,22,0,1
2024-01-03 03:45:00,R102,155,12,33,23,3,2,8,0,0
2024-01-03 03:50:00,R104,25,61,39,108,3,1,12,1,0
2024-01-03 03:55:00,R104,43,69,46,118,3,2,16,0,0
2024-01-03 04:00:00,R102,195,72,62,105,2,1,12,1,0
2024-01-03 04:05:00,R102,113,74,72,67,4,0,15,0,0
2024-01-03 04:10:00,R104,192,61,20,145,2,2,0,1,0
2024-01-03 04:15:00,R102,32,23,87,105,3,2,6,0,2
2024-01-03 04:20:00,R104,44,77,32,47,3,2,12,1,0
2024-01-03 04:25:00,R104,167,37,89,73,3,2,13,0,1
2024-01-03 04:30:00,R105,137,19,59,18,2,2,20,0,1
2024-01-03 04:35:00,R101,101,66,94,130,3,0,16,0,0
2024-01-03 04:40:00,R104,130,75,64,41,4,0,15,0,0
2024-01-03 04:45:00,R103,101,59,64,20,2,2,14,1,0
2024-01-03 04:50:00,R101,85,23,13,114,4,1,16,0,0
2024-01-03 04:55:00,R101,64,25,63,91,3,1,1,0,1
2024-01-03 05:00:00,R101,133,63,70,46,3,2,11,0,0
2024-01-03 05:05:00,R105,194,52,87,91,2,2,2,0,0
2024-01-03 05:10:00,R104,82,51,92,21,4,0,8,1,0
2024-01-03 05:15:00,R105,95,31,14,13,2,0,5,0,0
2024-01-03 05:20:00,R104,133,77,27,52,4,2,5,0,0
2024-01-03 05:25:00,R105,130,28,53,60,3,2,6,0,1
2024-01-03 05:30:00,R105,166,75,40,14,2,1,7,0,0
2024-01-03 05:35:00,R103,54,48,30,143,2,0,2,1,0
2024-01-03 05:40:00,R105,72,28,56,96,4,2,23,0,1
2024-01-03 05:45:00,R102,45,25,39,115,3,0,14,1,0
2024-01-03 05:50:00,R103,33,63,64,65,3,2,21,0,0
2024-01-03 05:55:00,R105,137,34,77,119,4,2,5,1,1
2024-01-03 06:00:00,R101,64,27,78,77,4,2,10,1,1
2024-01-03 06:05:00,R102,191,32,50,105,4,2,2,0,1
2024-01-03 06:10:00,R102,70,20,54,53,4,1,15,0,1
2024-01-03 06:15:00,R102,190,48,83,99,4,2,5,0,0
2024-01-03 06:20:00,R103,138,77,89,51,3,1,10,0,0
2024-01-03 06:25:00,R105,170,34,39,148,3,1,7,1,0
2024-01-03 06:30:00,R105,38,72,86,82,2,2,22,1,0
2024-01-03 06:35:00,R101,101,39,94,20,3,0,9,1,1
2024-01-03 06:40:00,R101,95,54,54,67,4,0,9,1,0
2024-01-03 06:45:00,R102,111,70,54,137,3,2,22,0,0
2024-01-03 06:50:00,R101,52,60,88,30,3,2,2,0,0
2024-01-03 06:55:00,R103,166,18,93,30,3,2,13,1,2
2024-01-03 07:00:00,R105,47,11,93,81,2,0,18,0,2
2024-01-03 07:05:00,R102,142,14,54,138,2,0,20,1,1
2024-01-03 07:10:00,R101,199,71,64,111,4,2,20,1,0
2024-01-03 07:15:00,R103,145,78,68,22,4,0,8,1,0
2024-01-03 07:20:00,R103,196,61,14,82,2,1,12,0,0
2024-01-03 07:25:00,R101,56,14,41,15,3,0,8,1,1
2024-01-03 07:30:00,R105,173,68,15,121,3,0,20,1,0
2024-01-03 07:35:00,R101,118,77,35,26,2,2,11,1,0
2024-01-03 07:40:00,R102,117,18,46,82,4,1,13,0,1
2024-01-03 07:45:00,R101,146,31,22,21,3,2,4,0,0
2024-01-03 07:50:00,R103,187,36,78,95,4,0,5,1,1
2024-01-03 07:55:00,R101,99,19,34,131,3,1,12,0,0
2024-01-03 08:00:00,R105,57,70,22,79,4,2,12,0,0
2024-01-03 08:05:00,R104,96,60,97,117,3,0,23,0,0
2024-01-03 08:10:00,R101,145,19,29,61,4,1,5,0,0
2024-01-03 08:15:00,R105,106,15,81,46,4,2,13,1,2
2024-01-03 08:20:00,R105,73,71,69,126,4,1,10,1,0
2024-01-03 08:25:00,R103,169,14,82,12,2,0,12,1,2
2024-01-03 08:30:00,R105,35,79,30,17,4,2,11,1,0
2024-01-03 08:35:00,R105,47,72,70,147,2,0,15,0,0
2024-01-03 08:40:00,R105,182,65,93,56,2,1,5,1,0
2024-01-03 08:45:00,R105,192,68,88,73,4,0,8,0,0
2024-01-03 08:50:00,R102,65,72,35,51,2,1,16,1,0
2024-01-03 08:55:00,R102,91,68,63,52,2,2,19,1,0
2024-01-03 09:00:00,R103,104,60,51,134,2,0,15,0,0
2024-01-03 09:05:00,R101,45,59,20,146,3,2,11,1,0
2024-01-03 09:10:00,R105,104,13,46,23,4,2,17,0,1
2024-01-03 09:15:00,R101,172,57,20,100,2,2,8,1,0
2024-01-03 09:20:00,R101,84,41,36,141,4,2,2,1,0
2024-01-03 09:25:00,R103,153,60,92,11,2,0,9,0,0
2024-01-03 09:30:00,R105,170,61,43,124,4,0,10,1,0
2024-01-03 09:35:00,R105,134,43,47,10,2,2,1,0,1
2024-01-03 09:40:00,R104,83,45,70,84,3,2,7,0,0
2024-01-03 09:45:00,R101,106,79,96,74,3,1,19,1,0
2024-01-03 09:50:00,R101,190,52,62,134,3,2,10,1,0
2024-01-03 09:55:00,R102,126,25,74,144,2,1,17,0,1
2024-01-03 10:00:00,R104,170,68,12,75,4,1,19,1,0
2024-01-03 10:05:00,R102,115,62,76,81,2,2,6,1,0
2024-01-03 10:10:00,R102,177,28,37,125,3,0,13,0,0
2024-01-03 10:15:00,R102,96,50,23,130,2,1,6,0,0
2024-01-03 10:20:00,R103,165,56,61,56,4,0,0,1,0
2024-01-03 10:25:00,R103,106,63,39,99,3,2,11,0,0
2024-01-03 10:30:00,R102,168,64,67,49,2,2,0,1,0
2024-01-03 10:35:00,R104,76,28,63,51,4,2,2,1,1
2024-01-03 10:40:00,R101,122,71,78,44,3,2,1,1,0
2024-01-03 10:45:00,R104,170,68,24,50,4,1,2,0,0
2024-01-03 10:50:00,R105,110,74,47,94,4,1,3,0,0
2024-01-03 10:55:00,R103,64,77,87,133,3,0,13,1,0
2024-01-03 11:00:00,R101,191,37,23,66,2,0,22,0,0
2024-01-03 11:05:00,R101,107,27,66,47,2,1,17,0,1
2024-01-03 11:10:00,R105,134,35,68,105,2,2,22,0,1
2024-01-03 11:15:00,R105,66,28,17,145,2,0,4,0,0
2024-01-03 11:20:00,R102,187,64,81,72,4,1,14,0,0
2024-01-03 11:25:00,R103,198,66,28,96,2,0,15,1,0
2024-01-03 11:30:00,R103,189,15,41,141,2,1,7,0,1
2024-01-03 11:35:00,R104,154,10,38,61,4,2,23,0,0
2024-01-03 11:40:00,R102,69,17,50,47,4,1,20,0,1
2024-01-03 11:45:00,R102,195,60,84,96,3,0,7,1,0
2024-01-03 11:50:00,R102,103,34,54,14,4,1,6,1,1
2024-01-03 11:55:00,R102,110,56,22,129,3,0,5,0,0
2024-01-03 12:00:00,R103,153,64,36,79,3,0,6,1,0
2024-01-03 12:05:00,R103,110,73,28,122,2,0,22,0,0
2024-01-03 12:10:00,R102,156,19,35,33,2,2,18,1,0
2024-01-03 12:15:00,R104,128,65,62,95,2,2,21,1,0
2024-01-03 12:20:00,R101,76,21,60,35,4,1,21,0,1
2024-01-03 12:25:00,R101,50,42,46,12,4,1,0,1,1
2024-01-03 12:30:00,R104,40,26,18,11,2,0,12,0,0
2024-01-03 12:35:00,R102,109,70,61,101,2,2,6,0,0
2024-01-03 12:40:00,R103,59,19,63,11,4,1,0,1,1
2024-01-03 12:45:00,R101,131,40,12,80,3,1,9,1,0
2024-01-03 12:50:00,R105,64,69,78,13,3,2,12,1,0
2024-01-03 12:55:00,R105,96,79,17,47,2,0,3,0,0
2024-01-03 13:00:00,R104,196,26,23,112,2,1,6,0,0
2024-01-03 13:05:00,R102,106,59,12,79,2,0,5,0,0
2024-01-03 13:10:00,R101,167,46,33,61,3,2,5,1,0
2024-01-03 13:15:00,R102,120,71,22,40,2,2,20,1,0
2024-01-03 13:20:00,R101,136,38,52,45,3,1,10,1,1
2024-01-03 13:25:00,R104,111,41,38,142,4,1,22,1,0
2024-01-03 13:30:00,R104,164,20,81,124,4,2,8,0,2
2024-01-03 13:35:00,R105,47,15,60,83,4,0,21,1,1
2024-01-03 13:40:00,R102,188,44,51,27,2,0,6,0,1
2024-01-03 13:45:00,R105,44,42,40,24,4,2,8,0,0
2024-01-03 13:50:00,R102,77,27,72,106,3,1,22,0,1
2024-01-03 13:55:00,R105,60,46,35,14,3,2,5,1,0
2024-01-03 14:00:00,R103,153,22,27,46,3,1,18,1,0
2024-01-03 14:05:00,R103,94,73,91,113,2,0,13,1,0
2024-01-03 14:10:00,R103,57,10,66,95,2,1,0,1,1
2024-01-03 14:15:00,R103,153,72,16,24,3,0,15,1,0
2024-01-03 14:20:00,R101,192,43,57,26,3,2,8,1,1
2024-01-03 14:25:00,R103,94,19,89,60,3,1,22,1,2
2024-01-03 14:30:00,R104,161,16,69,54,3,0,14,1,1
2024-01-03 14:35:00,R104,85,65,42,131,4,1,18,1,0
2024-01-03 14:40:00,R101,187,46,12,91,3,0,9,1,0
2024-01-03 14:45:00,R103,22,38,13,144,2,0,15,1,0
2024-01-03 14:50:00,R103,136,21,13,98,2,2,2,1,0
2024-01-03 14:55:00,R103,118,26,51,110,2,2,18,1,1
2024-01-03 15:00:00,R105,171,57,18,49,2,1,12,1,0
2024-01-03 15:05:00,R102,38,35,60,52,2,0,13,0,1
2024-01-03 15:10:00,R105,165,21,26,82,3,2,6,0,0
2024-01-03 15:15:00,R102,135,30,26,32,3,1,1,0,0
2024-01-03 15:20:00,R103,144,51,29,104,4,2,13,1,0
2024-01-03 15:25:00,R103,107,70,23,26,4,1,22,0,0
2024-01-03 15:30:00,R105,54,67,31,121,4,2,22,1,0
2024-01-03 15:35:00,R105,20,63,61,112,3,2,16,1,0
2024-01-03 15:40:00,R102,172,43,36,67,4,0,12,0,0
2024-01-03 15:45:00,R104,192,16,52,95,3,0,1,1,1
2024-01-03 15:50:00,R102,196,44,12,44,2,2,4,1,0
2024-01-03 15:55:00,R105,145,24,97,39,3,0,3,1,2
2024-01-03 16:00:00,R105,108,74,17,113,3,2,2,1,0
2024-01-03 16:05:00,R101,163,34,95,131,2,1,13,0,1
2024-01-03 16:10:00,R105,166,68,98,143,2,2,10,1,0
2024-01-03 16:15:00,R101,170,15,19,43,2,2,7,0,0
2024-01-03 16:20:00,R104,44,61,38,65,4,1,22,0,0
2024-01-03 16:25:00,R102,35,30,49,34,4,1,8,1,1
2024-01-03 16:30:00,R102,92,41,74,124,4,0,15,0,1
2024-01-03 16:35:00,R101,148,62,30,22,2,1,2,1,0
2024-01-03 16:40:00,R102,61,68,33,72,4,0,9,1,0
2024-01-03 16:45:00,R105,166,78,82,111,2,2,0,0,0
2024-01-03 16:50:00,R103,181,71,69,131,2,1,8,0,0
2024-01-03 16:55:00,R101,99,13,35,129,2,2,15,0,0
2024-01-03 17:00:00,R102,123,27,18,142,4,0,8,1,0
2024-01-03 17:05:00,R101,165,65,29,20,4,1,11,0,0
2024-01-03 17:10:00,R101,53,33,65,118,2,0,0,0,1
2024-01-03 17:15:00,R103,108,75,45,113,4,0,15,0,0
2024-01-03 17:20:00,R105,144,22,45,120,3,1,7,1,1
2024-01-03 17:25:00,R101,64,71,82,78,4,1,13,1,0
2024-01-03 17:30:00,R102,153,63,31,111,2,0,13,0,0
2024-01-03 17:35:00,R104,40,24,10,11,2,1,9,0,0
2024-01-03 17:40:00,R101,141,78,78,46,2,0,0,0,0
2024-01-03 17:45:00,R101,89,12,82,127,3,2,5,1,2
2024-01-03 17:50:00,R103,115,46,46,58,2,2,8,1,0
2024-01-03 17:55:00,R105,124,46,92,84,2,1,18,1,0
2024-01-03 18:00:00,R104,67,12,81,84,4,1,21,1,2
2024-01-03 18:05:00,R102,58,72,22,43,3,2,15,1,0
2024-01-03 18:10:00,R104,50,44,93,67,4,0,18,0,1
2024-01-03 18:15:00,R102,29,61,52,120,2,0,10,0,0
2024-01-03 18:20:00,R105,49,37,46,105,2,0,20,1,1
2024-01-03 18:25:00,R102,37,27,83,69,3,1,10,1,1
2024-01-03 18:30:00,R103,107,45,34,149,2,0,13,0,0
2024-01-03 18:35:00,R103,144,42,97,41,3,1,6,0,1
2024-01-03 18:40:00,R103,92,73,30,141,4,1,11,0,0
2024-01-03 18:45:00,R103,34,35,50,115,3,1,19,0,1
2024-01-03 18:50:00,R104,23,57,82,42,4,2,19,0,0
2024-01-03 18:55:00,R105,187,49,51,52,2,0,22,0,0
2024-01-03 19:00:00,R102,28,26,51,121,4,1,4,0,1
2024-01-03 19:05:00,R102,128,49,11,116,4,0,0,0,0
2024-01-03 19:10:00,R103,156,16,77,18,4,2,10,0,2
2024-01-03 19:15:00,R103,173,66,17,123,3,0,14,0,0
2024-01-03 19:20:00,R101,151,17,70,134,4,2,9,0,1
2024-01-03 19:25:00,R105,35,65,23,29,3,1,14,1,0
2024-01-03 19:30:00,R104,162,40,86,50,3,1,12,1,1
2024-01-03 19:35:00,R102,118,68,30,53,3,2,14,1,0
2024-01-03 19:40:00,R101,140,67,33,134,2,1,1,0,0
2024-01-03 19:45:00,R101,71,21,59,44,2,0,21,0,1
2024-01-03 19:50:00,R102,88,57,91,67,2,0,12,1,0
2024-01-03 19:55:00,R104,24,40,54,57,3,2,11,1,1
2024-01-03 20:00:00,R101,39,72,73,67,2,0,22,0,0
2024-01-03 20:05:00,R101,98,48,73,110,4,1,3,0,0
2024-01-03 20:10:00,R105,165,29,35,66,3,1,11,0,0
2024-01-03 20:15:00,R104,130,57,41,73,2,1,14,1,0
2024-01-03 20:20:00,R101,21,63,66,71,3,0,12,0,0
2024-01-03 20:25:00,R104,112,38,62,92,2,1,1,0,1
2024-01-03 20:30:00,R102,32,57,42,122,4,0,19,0,0
2024-01-03 20:35:00,R103,23,65,61,121,3,2,15,0,0
2024-01-03 20:40:00,R101,189,26,27,71,2,1,13,1,0
2024-01-03 20:45:00,R105,128,18,44,103,2,2,20,1,1
2024-01-03 20:50:00,R102,93,43,21,94,4,0,1,0,0
2024-01-03 20:55:00,R104,114,54,60,35,4,0,16,1,0
2024-01-03 21:00:00,R102,124,18,98,130,2,2,15,1,2
2024-01-03 21:05:00,R101,27,16,19,59,2,1,3,0,0
2024-01-03 21:10:00,R104,86,25,61,124,3,1,10,1,1
2024-01-03 21:15:00,R103,129,28,43,45,3,1,12,0,1
2024-01-03 21:20:00,R102,28,15,76,42,2,2,5,0,2
2024-01-03 21:25:00,R101,136,20,48,132,4,0,16,1,1
2024-01-03 21:30:00,R105,30,70,17,109,3,2,0,0,0
2024-01-03 21:35:00,R104,118,51,38,77,2,0,8,0,0
2024-01-03 21:40:00,R102,61,22,31,82,4,1,20,0,0
2024-01-03 21:45:00,R102,160,21,93,145,4,1,17,0,2
2024-01-03 21:50:00,R103,183,29,79,32,2,0,10,1,1
2024-01-03 21:55:00,R103,139,59,70,79,2,1,13,0,0
2024-01-03 22:00:00,R105,160,45,52,64,3,2,1,1,0
2024-01-03 22:05:00,R105,31,78,58,119,2,0,19,1,0
2024-01-03 22:10:00,R101,56,46,38,18,3,1,10,1,0
2024-01-03 22:15:00,R101,93,21,90,138,4,1,1,0,2
2024-01-03 22:20:00,R105,92,49,40,117,3,1,3,1,0
2024-01-03 22:25:00,R105,71,63,62,142,2,1,12,1,0
2024-01-03 22:30:00,R104,149,11,43,77,3,0,5,1,1
2024-01-03 22:35:00,R103,75,59,47,75,4,0,6,1,0
2024-01-03 22:40:00,R101,79,50,66,62,4,1,21,1,0
2024-01-03 22:45:00,R103,42,54,13,137,2,2,19,1,0
2024-01-03 22:50:00,R103,122,18,11,74,3,2,2,1,0
2024-01-03 22:55:00,R105,59,71,21,73,2,2,3,0,0
2024-01-03 23:00:00,R104,83,56,44,77,2,2,20,0,0
2024-01-03 23:05:00,R102,104,14,79,71,4,0,19,1,2
2024-01-03 23:10:00,R104,170,10,81,90,3,0,2,1,2
2024-01-03 23:15:00,R104,176,53,30,80,2,2,0,0,0
2024-01-03 23:20:00,R103,198,31,70,123,4,0,18,1,1
2024-01-03 23:25:00,R104,108,47,44,61,2,2,20,1,0
2024-01-03 23:30:00,R101,50,28,57,125,3,1,12,0,1
2024-01-03 23:35:00,R103,197,40,24,134,2,1,13,1,0
2024-01-03 23:40:00,R101,39,76,80,136,3,2,21,1,0
2024-01-03 23:45:00,R102,149,51,24,74,4,0,15,1,0
2024-01-03 23:50:00,R103,172,35,15,139,4,2,3,1,0
2024-01-03 23:55:00,R102,32,22,90,31,2,0,16,0,2
2024-01-04 00:00:00,R103,141,67,77,85,4,1,9,1,0
2024-01-04 00:05:00,R105,122,27,31,103,2,0,6,1,0
2024-01-04 00:10:00,R104,125,76,41,80,2,2,12,0,0
2024-01-04 00:15:00,R105,138,12,31,115,3,1,12,0,0
2024-01-04 00:20:00,R102,89,64,36,59,2,1,21,1,0
2024-01-04 00:25:00,R104,118,67,24,111,3,0,13,1,0
2024-01-04 00:30:00,R103,101,72,53,122,2,1,5,1,0
2024-01-04 00:35:00,R104,94,61,95,39,3,1,15,1,0
2024-01-04 00:40:00,R101,137,33,18,21,4,0,8,1,0
2024-01-04 00:45:00,R104,103,18,43,91,2,1,19,1,1
2024-01-04 00:50:00,R101,88,46,82,55,3,2,15,1,0
2024-01-04 00:55:00,R104,78,62,24,139,2,0,20,0,0
2024-01-04 01:00:00,R101,145,33,71,106,3,0,20,0,1
2024-01-04 01:05:00,R102,130,30,54,89,3,0,11,1,1
2024-01-04 01:10:00,R105,81,49,93,63,2,0,15,1,0
2024-01-04 01:15:00,R103,163,71,81,44,2,2,4,1,0
2024-01-04 01:20:00,R104,147,79,67,61,4,0,23,1,0
2024-01-04 01:25:00,R105,124,78,28,93,4,2,10,1,0
2024-01-04 01:30:00,R103,87,23,25,81,4,0,0,1,0
2024-01-04 01:35:00,R103,34,51,84,35,2,0,9,0,0
2024-01-04 01:40:00,R101,54,59,17,70,4,1,10,0,0
2024-01-04 01:45:00,R102,33,70,42,46,3,1,14,1,0
2024-01-04 01:50:00,R102,196,13,83,104,2,2,2,1,2
2024-01-04 01:55:00,R105,121,26,27,20,3,1,23,1,0
2024-01-04 02:00:00,R102,119,66,44,50,3,0,14,0,0
2024-01-04 02:05:00,R104,26,57,52,142,3,2,10,0,0
2024-01-04 02:10:00,R102,49,53,59,75,2,1,8,0,0
2024-01-04 02:15:00,R105,68,54,12,78,2,0,1,1,0
2024-01-04 02:20:00,R102,163,42,68,68,4,1,11,0,1
2024-01-04 02:25:00,R104,130,40,37,75,4,1,19,1,0
2024-01-04 02:30:00,R101,198,56,55,77,4,1,15,1,0
2024-01-04 02:35:00,R105,91,15,73,21,4,1,23,1,2
2024-01-04 02:40:00,R101,99,43,79,77,3,0,15,1,1
2024-01-04 02:45:00,R101,102,62,56,82,2,1,20,0,0
2024-01-04 02:50:00,R101,61,23,23,15,4,2,0,1,0
2024-01-04 02:55:00,R103,36,25,16,24,3,2,15,1,0
2024-01-04 03:00:00,R103,192,52,83,51,2,1,5,0,0
2024-01-04 03:05:00,R101,26,21,88,40,2,2,13,1,2
2024-01-04 03:10:00,R105,174,79,40,15,2,1,10,1,0
2024-01-04 03:15:00,R104,29,28,90,42,3,0,0,1,1
2024-01-04 03:20:00,R104,53,50,60,30,4,0,19,0,0
2024-01-04 03:25:00,R102,55,62,38,133,2,2,16,1,0
2024-01-04 03:30:00,R105,172,38,24,103,3,2,22,1,0
2024-01-04 03:35:00,R103,25,79,99,109,2,1,18,0,0
2024-01-04 03:40:00,R101,171,68,85,64,3,1,1,1,0
2024-01-04 03:45:00,R102,165,73,34,73,4,1,13,1,0
2024-01-04 03:50:00,R104,153,33,70,95,4,0,7,1,1
2024-01-04 03:55:00,R103,48,25,50,31,2,1,22,1,1
2024-01-04 04:00:00,R103,145,61,78,69,4,0,21,0,0
2024-01-04 04:05:00,R101,172,15,13,113,4,2,5,0,0
2024-01-04 04:10:00,R104,100,46,66,148,3,0,8,1,0
2024-01-04 04:15:00,R105,193,13,40,56,3,2,4,0,0
2024-01-04 04:20:00,R103,171,47,12,86,2,0,4,1,0
2024-01-04 04:25:00,R101,94,50,76,27,3,0,17,1,0
2024-01-04 04:30:00,R105,45,23,99,31,4,1,21,0,2
2024-01-04 04:35:00,R104,146,60,59,47,3,2,13,1,0
2024-01-04 04:40:00,R103,134,74,26,34,4,0,11,1,0
2024-01-04 04:45:00,R105,145,61,69,41,2,0,11,1,0
2024-01-04 04:50:00,R105,47,39,83,22,4,2,21,1,1
2024-01-04 04:55:00,R105,150,66,75,20,3,0,5,0,0
2024-01-04 05:00:00,R103,94,39,97,22,3,2,3,0,1
2024-01-04 05:05:00,R103,185,51,84,106,3,2,14,0,0
2024-01-04 05:10:00,R102,97,20,33,110,3,2,22,0,0
2024-01-04 05:15:00,R104,198,36,96,47,2,0,14,0,1
2024-01-04 05:20:00,R101,109,33,41,10,4,0,16,1,1
2024-01-04 05:25:00,R105,195,48,96,48,3,1,2,0,0
2024-01-04 05:30:00,R102,40,27,28,36,4,2,9,0,0
2024-01-04 05:35:00,R101,73,54,75,45,2,0,20,1,0
2024-01-04 05:40:00,R102,122,21,69,40,4,0,21,1,1
2024-01-04 05:45:00,R103,78,58,75,136,3,2,7,1,0
2024-01-04 05:50:00,R105,91,40,24,15,4,2,8,1,0
2024-01-04 05:55:00,R101,198,31,94,98,3,2,23,1,1
2024-01-04 06:00:00,R101,39,53,44,40,3,1,2,0,0
2024-01-04 06:05:00,R101,131,73,78,109,2,1,0,0,0
2024-01-04 06:10:00,R101,78,34,36,82,2,1,10,0,0
2024-01-04 06:15:00,R101,90,60,97,55,4,2,12,1,0
2024-01-04 06:20:00,R102,156,16,16,106,4,0,11,0,0
2024-01-04 06:25:00,R105,128,15,15,10,3,2,20,1,0
2024-01-04 06:30:00,R103,148,33,42,66,3,0,6,0,1
2024-01-04 06:35:00,R103,176,28,67,18,3,1,1,1,1
2024-01-04 06:40:00,R103,75,18,58,14,3,1,0,0,1
2024-01-04 06:45:00,R103,54,45,26,88,2,1,19,0,0
2024-01-04 06:50:00,R102,142,49,51,123,3,0,2,1,0
2024-01-04 06:55:00,R104,150,33,81,18,2,0,3,1,1
2024-01-04 07:00:00,R105,123,57,49,33,4,2,16,1,0
2024-01-04 07:05:00,R101,26,72,55,112,4,2,17,0,0
2024-01-04 07:10:00,R104,46,78,80,69,2,2,16,1,0
2024-01-04 07:15:00,R103,20,62,79,95,3,1,18,1,0
2024-01-04 07:20:00,R104,191,63,77,125,4,2,3,1,0
2024-01-04 07:25:00,R105,106,51,10,93,2,1,16,0,0
2024-01-04 07:30:00,R101,60,54,88,99,4,0,21,1,0
2024-01-04 07:35:00,R101,142,23,98,98,3,1,1,0,2
2024-01-04 07:40:00,R105,94,38,61,129,2,1,9,0,1
2024-01-04 07:45:00,R105,61,15,44,15,4,1,11,0,1
2024-01-04 07:50:00,R103,136,16,78,61,3,0,12,1,2
2024-01-04 07:55:00,R101,180,46,14,149,2,0,10,0,0
2024-01-04 08:00:00,R104,197,62,26,28,2,2,20,1,0
2024-01-04 08:05:00,R102,82,27,62,84,2,2,7,1,1
2024-01-04 08:10:00,R102,184,47,61,139,2,2,19,1,0
2024-01-04 08:15:00,R105,146,68,23,64,4,0,4,0,0
2024-01-04 08:20:00,R103,195,10,38,24,2,0,1,0,0
2024-01-04 08:25:00,R102,152,77,17,109,2,0,11,0,0
2024-01-04 08:30:00,R101,67,53,10,78,2,0,1,1,0
2024-01-04 08:35:00,R105,22,56,38,52,2,0,5,1,0
2024-01-04 08:40:00,R104,135,44,45,26,2,1,21,0,1
2024-01-04 08:45:00,R105,194,69,60,107,3,2,18,0,0
2024-01-04 08:50:00,R104,118,61,46,125,4,1,11,1,0
2024-01-04 08:55:00,R105,135,17,78,83,3,2,12,1,2
2024-01-04 09:00:00,R105,33,50,62,125,4,1,16,1,0
2024-01-04 09:05:00,R105,131,12,61,39,2,0,11,1,1
2024-01-04 09:10:00,R104,80,78,97,76,4,2,2,0,0
2024-01-04 09:15:00,R104,178,23,92,60,2,1,23,0,2
2024-01-04 09:20:00,R105,114,35,21,69,2,2,7,1,0
2024-01-04 09:25:00,R102,36,79,61,12,3,0,15,0,0
2024-01-04 09:30:00,R103,143,67,10,113,3,0,3,0,0
2024-01-04 09:35:00,R103,43,49,16,14,3,2,23,1,0
2024-01-04 09:40:00,R103,135,60,26,37,4,2,12,1,0
2024-01-04 09:45:00,R104,170,14,52,117,4,0,7,0,1
2024-01-04 09:50:00,R104,101,41,80,148,3,0,0,1,1
2024-01-04 09:55:00,R102,69,10,26,110,3,0,2,0,0
2024-01-04 10:00:00,R103,98,63,68,85,2,1,0,1,0
2024-01-04 10:05:00,R103,98,20,12,24,4,2,14,0,0
2024-01-04 10:10:00,R105,89,62,38,92,2,0,17,1,0
2024-01-04 10:15:00,R104,46,17,31,57,4,2,19,0,0
2024-01-04 10:20:00,R103,34,34,47,136,3,1,2,1,1
2024-01-04 10:25:00,R102,69,49,63,55,4,1,14,1,0
2024-01-04 10:30:00,R102,55,41,59,37,4,0,21,1,1
2024-01-04 10:35:00,R103,27,37,78,16,2,2,4,1,1
2024-01-04 10:40:00,R104,98,12,39,103,3,1,20,1,0
2024-01-04 10:45:00,R102,150,71,32,91,3,2,9,0,0
2024-01-04 10:50:00,R105,66,36,94,97,3,2,6,0,1
2024-01-04 10:55:00,R102,124,54,99,143,2,0,22,1,0
2024-01-04 11:00:00,R101,117,34,56,77,2,1,7,0,1
2024-01-04 11:05:00,R101,115,70,30,64,2,1,2,0,0
2024-01-04 11:10:00,R104,179,53,29,127,4,1,17,1,0
2024-01-04 11:15:00,R103,135,55,32,143,4,2,16,0,0
2024-01-04 11:20:00,R104,32,23,77,117,2,1,15,0,2
2024-01-04 11:25:00,R104,20,17,30,60,2,1,21,0,0
2024-01-04 11:30:00,R104,53,57,30,47,3,2,12,0,0
2024-01-04 11:35:00,R104,98,23,10,148,4,1,3,1,0
2024-01-04 11:40:00,R105,97,74,24,102,4,1,2,0,0
2024-01-04 11:45:00,R105,140,16,26,29,3,2,10,0,0
2024-01-04 11:50:00,R102,112,58,60,19,3,1,1,0,0
2024-01-04 11:55:00,R101,117,64,72,35,3,0,17,0,0
2024-01-04 12:00:00,R104,101,22,23,57,2,2,3,1,0
2024-01-04 12:05:00,R102,178,65,68,100,2,1,16,0,0
2024-01-04 12:10:00,R101,172,65,92,123,2,0,5,1,0
2024-01-04 12:15:00,R103,57,24,59,23,2,2,9,1,1
2024-01-04 12:20:00,R105,33,66,43,109,2,1,10,1,0
2024-01-04 12:25:00,R101,155,67,15,21,4,2,4,1,0
2024-01-04 12:30:00,R103,110,44,58,125,4,0,17,1,1
2024-01-04 12:35:00,R101,73,25,15,132,4,2,9,0,0
2024-01-04 12:40:00,R105,149,17,78,32,3,1,8,0,2
2024-01-04 12:45:00,R105,120,54,16,94,4,0,15,1,0
2024-01-04 12:50:00,R102,108,49,86,81,3,2,9,1,0
2024-01-04 12:55:00,R104,75,63,60,131,4,1,9,0,0
2024-01-04 13:00:00,R101,113,23,10,146,2,1,3,0,0
2024-01-04 13:05:00,R101,112,68,22,104,4,0,20,1,0
2024-01-04 13:10:00,R103,103,62,52,34,2,0,23,0,0
2024-01-04 13:15:00,R105,104,36,36,26,2,2,13,0,0
2024-01-04 13:20:00,R101,41,56,80,38,4,1,7,1,0
2024-01-04 13:25:00,R105,54,15,12,76,4,0,0,1,0
2024-01-04 13:30:00,R101,35,64,67,94,2,1,15,1,0
2024-01-04 13:35:00,R102,69,53,98,66,3,2,16,1,0
2024-01-04 13:40:00,R104,141,27,26,81,3,0,9,1,0
2024-01-04 13:45:00,R101,147,25,54,23,4,2,5,0,1
2024-01-04 13:50:00,R105,132,21,87,48,2,2,6,1,2
2024-01-04 13:55:00,R102,190,29,67,27,3,0,17,0,1
2024-01-04 14:00:00,R101,36,54,65,84,4,2,1,1,0
2024-01-04 14:05:00,R103,99,73,63,111,4,1,20,1,0
2024-01-04 14:10:00,R104,149,68,96,29,2,0,8,1,0
2024-01-04 14:15:00,R101,151,31,97,126,3,1,4,1,1
2024-01-04 14:20:00,R102,104,56,38,126,4,2,7,1,0
2024-01-04 14:25:00,R103,186,38,63,13,3,0,23,1,1
2024-01-04 14:30:00,R102,113,54,36,93,4,1,4,0,0
2024-01-04 14:35:00,R102,153,18,54,148,4,1,23,1,1
2024-01-04 14:40:00,R103,100,33,96,123,3,1,14,1,1
2024-01-04 14:45:00,R102,88,24,40,74,3,1,7,0,0
2024-01-04 14:50:00,R103,88,45,45,53,2,1,4,0,0
2024-01-04 14:55:00,R101,167,22,90,127,2,2,4,1,2
2024-01-04 15:00:00,R103,35,53,70,109,2,2,19,0,0
2024-01-04 15:05:00,R103,70,45,46,27,2,2,16,0,0
2024-01-04 15:10:00,R104,124,70,76,137,3,2,8,1,0
2024-01-04 15:15:00,R103,184,49,45,47,2,2,1,1,0
2024-01-04 15:20:00,R103,189,36,14,145,3,2,0,0,0
2024-01-04 15:25:00,R101,85,10,55,113,4,2,21,1,1
2024-01-04 15:30:00,R104,28,43,88,22,3,1,20,0,1
2024-01-04 15:35:00,R105,126,77,61,64,2,2,10,0,0
2024-01-04 15:40:00,R101,119,30,58,97,3,1,14,0,1
2024-01-04 15:45:00,R101,105,42,15,94,3,0,0,0,0
2024-01-04 15:50:00,R105,83,16,19,118,3,2,6,1,0
2024-01-04 15:55:00,R103,41,74,32,52,3,1,22,1,0
2024-01-04 16:00:00,R102,181,12,26,141,3,0,18,1,0
2024-01-04 16:05:00,R104,176,60,93,80,2,0,23,1,0
2024-01-04 16:10:00,R102,185,63,53,21,3,1,14,1,0
2024-01-04 16:15:00,R105,129,68,50,68,2,1,5,1,0
2024-01-04 16:20:00,R101,116,15,24,53,4,1,19,1,0
2024-01-04 16:25:00,R101,37,38,53,25,3,2,9,1,1
2024-01-04 16:30:00,R104,90,26,67,143,4,0,11,1,1
2024-01-04 16:35:00,R101,146,69,95,23,2,2,12,1,0
2024-01-04 16:40:00,R101,116,31,59,124,3,2,14,1,1
2024-01-04 16:45:00,R104,20,33,61,121,4,2,18,1,1
2024-01-04 16:50:00,R104,151,60,79,132,2,0,16,0,0
2024-01-04 16:55:00,R105,23,59,77,67,4,0,12,1,0
2024-01-04 17:00:00,R101,144,20,72,129,3,0,1,1,2
2024-01-04 17:05:00,R101,101,65,67,44,3,1,17,1,0
2024-01-04 17:10:00,R105,46,51,32,19,3,2,10,1,0
2024-01-04 17:15:00,R103,190,48,53,90,2,1,4,1,0
2024-01-04 17:20:00,R103,78,78,92,53,4,1,3,0,0
2024-01-04 17:25:00,R103,51,57,53,80,2,2,1,0,0
2024-01-04 17:30:00,R105,180,66,61,27,4,0,15,1,0
2024-01-04 17:35:00,R101,47,30,76,92,2,2,6,1,1
2024-01-04 17:40:00,R105,125,29,37,88,3,1,7,1,0
2024-01-04 17:45:00,R105,124,24,76,95,4,0,7,0,2
2024-01-04 17:50:00,R103,89,78,87,51,4,0,1,1,0
2024-01-04 17:55:00,R102,81,60,27,133,4,1,14,1,0
2024-01-04 18:00:00,R101,53,71,36,39,2,0,4,0,0
2024-01-04 18:05:00,R103,106,46,60,29,3,0,18,0,0
2024-01-04 18:10:00,R102,133,15,69,135,4,2,9,1,1
2024-01-04 18:15:00,R102,125,35,83,105,2,2,8,1,1
2024-01-04 18:20:00,R104,75,17,58,134,4,1,21,0,1
2024-01-04 18:25:00,R101,132,13,24,51,3,1,19,1,0
2024-01-04 18:30:00,R102,32,30,92,98,4,1,7,1,1
2024-01-04 18:35:00,R103,37,40,82,96,3,0,4,0,1
2024-01-04 18:40:00,R104,132,30,77,14,2,1,18,1,1
2024-01-04 18:45:00,R101,190,34,24,59,2,2,12,0,0
2024-01-04 18:50:00,R105,58,24,60,50,3,0,13,1,1
2024-01-04 18:55:00,R103,189,44,57,103,3,1,7,1,1
2024-01-04 19:00:00,R102,98,58,81,66,2,0,15,0,0
2024-01-04 19:05:00,R102,165,52,10,144,3,0,21,0,0
2024-01-04 19:10:00,R103,170,50,16,142,3,0,4,0,0
2024-01-04 19:15:00,R102,49,46,62,60,4,1,0,0,0
2024-01-04 19:20:00,R104,117,66,40,115,2,0,18,0,0
2024-01-04 19:25:00,R101,77,51,27,145,2,0,22,0,0
2024-01-04 19:30:00,R104,86,56,21,20,3,0,18,0,0
2024-01-04 19:35:00,R102,90,70,57,107,3,2,16,0,0
2024-01-04 19:40:00,R105,165,23,39,108,3,1,23,0,0
2024-01-04 19:45:00,R101,125,77,16,148,2,2,22,1,0
2024-01-04 19:50:00,R101,26,62,12,105,4,0,20,1,0
2024-01-04 19:55:00,R103,59,43,72,115,2,0,9,0,1
2024-01-04 20:00:00,R103,89,33,15,10,4,2,4,1,0
2024-01-04 20:05:00,R105,87,29,24,55,3,0,21,0,0
2024-01-04 20:10:00,R101,68,78,80,97,2,2,6,0,0
2024-01-04 20:15:00,R105,71,39,52,31,4,0,15,1,1
2024-01-04 20:20:00,R103,133,16,90,12,2,0,2,0,2
2024-01-04 20:25:00,R103,126,45,27,139,4,0,11,0,0
2024-01-04 20:30:00,R101,48,47,31,70,4,0,13,0,0
2024-01-04 20:35:00,R104,168,61,70,47,2,1,19,0,0
2024-01-04 20:40:00,R102,97,24,70,55,3,1,0,1,1
2024-01-04 20:45:00,R103,28,55,62,143,2,1,6,0,0
2024-01-04 20:50:00,R103,194,32,35,50,3,2,17,1,0
2024-01-04 20:55:00,R104,95,21,49,148,4,2,22,1,1
2024-01-04 21:00:00,R104,61,53,97,119,4,2,21,0,0
2024-01-04 21:05:00,R105,198,24,17,50,2,2,3,1,0
2024-01-04 21:10:00,R105,198,58,30,66,2,1,15,1,0
2024-01-04 21:15:00,R102,147,30,52,132,3,2,10,1,1
2024-01-04 21:20:00,R102,39,24,30,95,3,2,17,1,0
2024-01-04 21:25:00,R101,174,23,12,72,2,2,22,0,0
2024-01-04 21:30:00,R105,185,51,40,48,3,0,15,0,0
2024-01-04 21:35:00,R103,91,24,36,147,3,2,6,0,0
2024-01-04 21:40:00,R105,84,72,36,36,2,0,20,1,0
2024-01-04 21:45:00,R103,132,77,82,90,2,2,2,1,0
2024-01-04 21:50:00,R104,43,36,66,116,4,2,4,0,1
2024-01-04 21:55:00,R105,147,62,42,45,4,0,17,1,0
2024-01-04 22:00:00,R104,194,61,99,94,2,2,16,1,0
2024-01-04 22:05:00,R102,102,72,53,37,4,0,0,0,0
2024-01-04 22:10:00,R102,82,62,52,25,3,2,15,1,0
2024-01-04 22:15:00,R101,79,66,40,44,2,2,14,1,0
2024-01-04 22:20:00,R105,118,61,74,108,4,0,12,0,0
2024-01-04 22:25:00,R104,81,52,93,131,2,1,6,0,0
2024-01-04 22:30:00,R103,49,16,85,32,4,0,2,0,2
2024-01-04 22:35:00,R102,41,51,26,128,2,1,23,0,0
2024-01-04 22:40:00,R102,145,13,24,72,3,0,22,0,0
2024-01-04 22:45:00,R103,176,78,43,79,4,1,12,0,0
2024-01-04 22:50:00,R104,188,14,89,89,2,2,15,0,2
2024-01-04 22:55:00,R104,61,50,13,68,3,1,22,1,0
2024-01-04 23:00:00,R105,117,13,81,26,4,2,0,0,2
2024-01-04 23:05:00,R105,50,11,98,48,4,0,0,1,2
2024-01-04 23:10:00,R101,177,76,88,86,2,1,15,0,0
2024-01-04 23:15:00,R102,131,30,37,101,3,2,1,1,0
2024-01-04 23:20:00,R105,165,79,82,33,2,0,17,1,0
2024-01-04 23:25:00,R104,141,52,11,97,4,1,20,1,0
2024-01-04 23:30:00,R103,36,78,26,53,2,2,22,1,0
2024-01-04 23:35:00,R104,57,18,67,45,2,1,17,1,1
2024-01-04 23:40:00,R102,161,37,83,108,3,1,4,0,1
2024-01-04 23:45:00,R104,129,35,18,79,3,2,4,0,0
2024-01-04 23:50:00,R101,41,12,40,131,4,2,7,0,0
2024-01-04 23:55:00,R102,75,58,75,133,3,0,8,1,0
2024-01-05 00:00:00,R103,138,26,97,89,2,2,23,1,1
2024-01-05 00:05:00,R101,166,72,71,54,4,2,13,1,0
2024-01-05 00:10:00,R102,76,64,28,148,3,1,12,0,0
2024-01-05 00:15:00,R103,191,32,90,40,2,2,17,1,1
2024-01-05 00:20:00,R101,54,43,83,94,2,1,3,1,1
2024-01-05 00:25:00,R101,133,78,64,54,4,1,17,0,0
2024-01-05 00:30:00,R102,144,24,37,124,4,2,21,0,0
2024-01-05 00:35:00,R105,148,56,59,76,3,2,19,0,0
2024-01-05 00:40:00,R101,71,12,74,85,3,2,14,1,2
2024-01-05 00:45:00,R101,104,37,12,49,3,2,6,1,0
2024-01-05 00:50:00,R103,184,12,88,50,3,0,12,0,2
2024-01-05 00:55:00,R104,84,13,61,129,4,1,1,1,1
2024-01-05 01:00:00,R102,198,40,19,90,2,0,8,1,0
2024-01-05 01:05:00,R102,148,54,30,47,2,0,4,1,0
2024-01-05 01:10:00,R105,40,68,46,109,3,1,0,1,0
2024-01-05 01:15:00,R105,35,54,24,66,4,0,18,0,0
2024-01-05 01:20:00,R102,142,46,96,75,3,2,19,1,0
2024-01-05 01:25:00,R105,80,74,87,39,3,2,18,1,0
2024-01-05 01:30:00,R103,73,18,88,19,4,2,21,0,2
2024-01-05 01:35:00,R102,187,26,83,70,2,2,12,1,1
2024-01-05 01:40:00,R105,45,74,18,45,2,1,5,1,0
2024-01-05 01:45:00,R102,99,12,53,63,3,2,9,0,1
2024-01-05 01:50:00,R104,84,35,48,106,4,1,10,1,1
2024-01-05 01:55:00,R101,119,62,14,13,2,1,22,0,0
2024-01-05 02:00:00,R102,93,40,34,63,2,1,15,1,0
2024-01-05 02:05:00,R101,190,35,65,120,4,1,22,1,1
2024-01-05 02:10:00,R105,36,32,99,100,4,0,0,1,1
2024-01-05 02:15:00,R101,140,39,73,98,2,0,18,0,1
2024-01-05 02:20:00,R102,42,19,81,73,3,2,4,1,2
2024-01-05 02:25:00,R104,154,73,95,128,3,1,5,1,0
2024-01-05 02:30:00,R105,191,31,61,101,2,2,5,0,1
2024-01-05 02:35:00,R102,90,24,98,90,3,2,4,1,2
2024-01-05 02:40:00,R105,127,65,85,68,3,2,5,1,0
2024-01-05 02:45:00,R103,98,29,18,53,4,2,12,1,0
2024-01-05 02:50:00,R101,181,56,19,85,4,1,0,0,0
2024-01-05 02:55:00,R103,65,62,19,110,4,1,0,0,0
2024-01-05 03:00:00,R102,97,62,82,134,3,0,13,0,0
2024-01-05 03:05:00,R104,35,10,71,25,4,1,7,1,2
2024-01-05 03:10:00,R105,90,11,99,64,4,1,8,0,2
2024-01-05 03:15:00,R101,115,67,69,104,2,2,22,1,0
2024-01-05 03:20:00,R105,166,28,28,88,4,1,9,0,0
2024-01-05 03:25:00,R102,21,71,47,86,2,2,5,0,0
2024-01-05 03:30:00,R105,29,21,15,49,3,1,8,1,0
2024-01-05 03:35:00,R101,197,35,24,30,4,0,17,0,0
2024-01-05 03:40:00,R102,144,36,56,75,2,2,14,0,1
2024-01-05 03:45:00,R105,100,38,54,145,2,1,3,1,1
2024-01-05 03:50:00,R104,159,24,14,19,2,1,1,1,0
2024-01-05 03:55:00,R102,89,55,87,141,3,2,5,1,0
2024-01-05 04:00:00,R102,169,10,62,52,4,0,16,1,1
2024-01-05 04:05:00,R104,51,69,75,114,3,0,6,1,0
2024-01-05 04:10:00,R103,124,66,71,72,2,1,22,1,0
2024-01-05 04:15:00,R101,103,12,32,91,3,1,22,1,0
2024-01-05 04:20:00,R103,148,27,53,60,3,1,19,1,1
2024-01-05 04:25:00,R105,77,61,61,65,2,2,14,0,0
2024-01-05 04:30:00,R104,165,69,55,43,4,2,23,1,0
2024-01-05 04:35:00,R103,153,43,28,68,4,2,20,0,0
2024-01-05 04:40:00,R102,64,69,97,139,3,1,1,1,0
2024-01-05 04:45:00,R105,116,35,93,139,4,0,20,1,1
2024-01-05 04:50:00,R105,42,28,56,147,2,2,11,0,1
2024-01-05 04:55:00,R103,42,31,61,127,4,0,9,0,1
2024-01-05 05:00:00,R103,173,42,33,137,3,1,16,0,0
2024-01-05 05:05:00,R104,154,47,26,26,2,2,17,1,0
2024-01-05 05:10:00,R101,98,44,98,91,2,2,15,1,1
2024-01-05 05:15:00,R103,63,76,55,23,2,2,9,1,0
2024-01-05 05:20:00,R103,46,19,73,90,3,1,7,1,2
2024-01-05 05:25:00,R102,45,24,37,132,3,1,20,0,0
2024-01-05 05:30:00,R105,116,20,59,25,4,1,21,1,1
2024-01-05 05:35:00,R101,55,33,73,41,3,0,12,0,1
2024-01-05 05:40:00,R102,128,13,37,32,2,0,15,1,0
2024-01-05 05:45:00,R104,74,22,95,111,3,2,7,1,2
2024-01-05 05:50:00,R104,88,66,65,107,3,2,11,0,0
2024-01-05 05:55:00,R103,80,46,68,113,4,1,16,1,0
2024-01-05 06:00:00,R103,149,57,14,135,2,1,15,0,0
2024-01-05 06:05:00,R104,74,10,63,77,4,1,8,1,1
2024-01-05 06:10:00,R103,141,69,53,73,4,2,18,1,0
2024-01-05 06:15:00,R101,116,21,51,80,4,1,16,1,1
2024-01-05 06:20:00,R103,99,30,81,27,2,0,23,1,1
2024-01-05 06:25:00,R105,106,20,66,122,4,0,7,1,1
2024-01-05 06:30:00,R103,57,53,56,134,2,2,11,0,0
2024-01-05 06:35:00,R102,138,67,85,136,4,2,8,1,0
2024-01-05 06:40:00,R101,97,53,34,70,4,0,5,1,0
2024-01-05 06:45:00,R102,176,43,53,84,2,1,9,1,1
2024-01-05 06:50:00,R102,173,34,24,116,3,2,8,1,0
2024-01-05 06:55:00,R105,54,13,60,148,4,2,3,0,1
2024-01-05 07:00:00,R101,98,73,62,90,3,2,10,1,0
2024-01-05 07:05:00,R101,86,25,43,115,4,0,20,0,1
2024-01-05 07:10:00,R101,106,19,86,37,3,2,21,0,2
2024-01-05 07:15:00,R101,176,75,17,17,3,0,5,0,0
2024-01-05 07:20:00,R101,53,44,86,100,3,0,17,0,1
2024-01-05 07:25:00,R105,116,15,79,130,3,1,3,0,2
2024-01-05 07:30:00,R103,188,28,30,75,3,1,11,1,0
2024-01-05 07:35:00,R102,188,68,16,104,2,1,8,0,0
2024-01-05 07:40:00,R101,170,62,99,73,3,2,14,0,0
2024-01-05 07:45:00,R103,90,17,88,74,2,0,22,0,2
2024-01-05 07:50:00,R103,22,19,65,134,4,2,8,0,1
2024-01-05 07:55:00,R102,77,76,58,23,2,0,5,0,0
2024-01-05 08:00:00,R105,51,47,51,34,3,2,10,0,0
2024-01-05 08:05:00,R104,50,38,32,109,2,0,6,1,0
2024-01-05 08:10:00,R104,101,24,61,114,3,1,13,1,1
2024-01-05 08:15:00,R103,62,32,88,140,2,1,15,0,1
2024-01-05 08:20:00,R102,154,55,62,142,4,2,14,0,0
2024-01-05 08:25:00,R104,124,37,25,74,3,0,19,0,0
2024-01-05 08:30:00,R103,20,35,46,28,3,1,8,0,1
2024-01-05 08:35:00,R105,80,19,27,115,2,0,18,0,0
2024-01-05 08:40:00,R104,33,56,29,63,2,2,11,1,0
2024-01-05 08:45:00,R103,199,13,55,147,2,1,10,1,1
2024-01-05 08:50:00,R103,25,64,11,113,2,2,7,1,0
2024-01-05 08:55:00,R101,122,75,96,24,2,2,2,1,0
2024-01-05 09:00:00,R105,29,76,72,57,3,0,18,1,0
2024-01-05 09:05:00,R101,90,16,12,148,4,2,2,1,0
2024-01-05 09:10:00,R102,109,64,55,43,2,2,2,0,0
2024-01-05 09:15:00,R101,177,40,58,108,3,0,5,0,1
2024-01-05 09:20:00,R101,168,28,10,28,4,0,10,1,0
2024-01-05 09:25:00,R104,145,37,31,79,4,2,19,0,0
2024-01-05 09:30:00,R103,116,37,23,124,2,1,13,1,0
2024-01-05 09:35:00,R105,93,28,94,105,3,1,1,1,1
2024-01-05 09:40:00,R101,134,29,54,84,3,0,11,1,1
2024-01-05 09:45:00,R105,189,22,15,45,3,2,15,0,0
2024-01-05 09:50:00,R101,70,52,74,72,3,1,2,0,0
2024-01-05 09:55:00,R102,75,20,30,102,3,0,20,1,0
2024-01-05 10:00:00,R101,60,57,13,14,4,0,15,0,0
2024-01-05 10:05:00,R104,51,24,12,34,4,0,9,1,0
2024-01-05 10:10:00,R103,34,26,39,107,4,2,19,0,0
2024-01-05 10:15:00,R102,81,63,40,21,3,0,4,0,0
2024-01-05 10:20:00,R101,174,59,43,146,4,1,12,1,0
2024-01-05 10:25:00,R105,47,37,92,93,4,2,11,1,1
2024-01-05 10:30:00,R102,83,13,29,38,2,1,0,1,0
2024-01-05 10:35:00,R102,149,31,96,118,4,1,19,1,1
2024-01-05 10:40:00,R101,146,48,63,36,2,1,10,0,0
2024-01-05 10:45:00,R102,55,43,34,64,3,2,18,1,0
2024-01-05 10:50:00,R105,133,53,24,142,3,1,14,0,0
2024-01-05 10:55:00,R102,32,51,47,61,3,0,17,1,0
2024-01-05 11:00:00,R105,34,49,32,22,3,0,15,0,0
2024-01-05 11:05:00,R101,108,21,61,51,4,1,6,1,1
2024-01-05 11:10:00,R103,41,11,75,88,2,0,9,1,2
2024-01-05 11:15:00,R102,93,37,66,27,3,2,15,1,1
2024-01-05 11:20:00,R103,44,76,66,59,3,2,16,0,0
2024-01-05 11:25:00,R105,120,19,88,11,2,0,6,0,2
2024-01-05 11:30:00,R102,195,66,61,96,2,0,10,1,0
2024-01-05 11:35:00,R104,190,46,44,116,2,2,16,0,0
2024-01-05 11:40:00,R103,136,73,83,56,2,1,4,1,0
2024-01-05 11:45:00,R102,185,49,23,98,2,2,0,0,0
2024-01-05 11:50:00,R103,60,69,23,21,4,1,2,1,0
2024-01-05 11:55:00,R102,192,57,42,22,2,0,15,1,0
2024-01-05 12:00:00,R101,107,28,61,146,4,0,23,0,1
2024-01-05 12:05:00,R103,187,42,10,68,2,1,14,0,0
2024-01-05 12:10:00,R104,129,53,43,52,2,1,3,0,0
2024-01-05 12:15:00,R104,139,46,28,83,3,2,11,1,0
2024-01-05 12:20:00,R105,116,45,33,32,3,1,0,0,0
2024-01-05 12:25:00,R102,164,30,13,88,3,0,16,0,0
2024-01-05 12:30:00,R103,76,11,45,32,3,0,23,0,1
2024-01-05 12:35:00,R105,149,40,86,110,3,0,14,0,1
2024-01-05 12:40:00,R103,115,39,67,118,3,1,23,0,1
2024-01-05 12:45:00,R102,140,53,41,120,2,1,19,1,0
2024-01-05 12:50:00,R104,81,21,18,26,2,0,19,1,0
2024-01-05 12:55:00,R101,156,60,89,95,3,1,9,0,0
2024-01-05 13:00:00,R104,87,58,76,48,3,2,10,1,0
2024-01-05 13:05:00,R105,100,33,29,50,3,2,17,0,0
2024-01-05 13:10:00,R101,36,33,83,57,2,1,1,0,1
2024-01-05 13:15:00,R105,136,69,71,86,3,1,5,1,0
2024-01-05 13:20:00,R102,69,20,67,10,3,0,15,1,1
2024-01-05 13:25:00,R101,131,22,31,126,2,1,23,1,0
2024-01-05 13:30:00,R105,113,73,76,28,2,0,6,1,0
2024-01-05 13:35:00,R102,187,29,84,68,4,2,22,1,1
2024-01-05 13:40:00,R104,104,37,98,116,3,1,18,1,1
2024-01-05 13:45:00,R102,168,11,57,147,2,2,11,1,1
2024-01-05 13:50:00,R103,165,52,17,37,4,1,17,0,0
2024-01-05 13:55:00,R102,176,17,82,43,2,1,9,0,2
2024-01-05 14:00:00,R102,171,22,24,48,4,0,6,0,0
2024-01-05 14:05:00,R103,93,44,41,135,4,0,3,1,1
2024-01-05 14:10:00,R105,128,32,62,92,3,1,16,0,1
2024-01-05 14:15:00,R105,164,55,76,115,3,1,16,0,0
2024-01-05 14:20:00,R102,37,24,13,119,4,0,3,0,0
2024-01-05 14:25:00,R103,61,11,39,130,3,2,20,0,0
2024-01-05 14:30:00,R103,120,70,22,116,2,1,4,1,0
2024-01-05 14:35:00,R104,64,73,30,140,2,0,0,0,0
2024-01-05 14:40:00,R105,101,61,50,32,4,1,18,0,0
2024-01-05 14:45:00,R101,36,45,28,80,4,0,21,0,0
2024-01-05 14:50:00,R105,92,76,57,116,2,2,22,0,0
2024-01-05 14:55:00,R105,33,78,95,55,2,1,10,0,0
2024-01-05 15:00:00,R104,196,76,72,79,4,1,0,1,0
2024-01-05 15:05:00,R101,176,56,29,40,2,2,7,0,0
2024-01-05 15:10:00,R104,151,11,73,102,2,1,3,0,2
2024-01-05 15:15:00,R101,101,53,46,146,4,1,21,0,0
2024-01-05 15:20:00,R102,167,73,40,127,3,1,14,0,0
2024-01-05 15:25:00,R101,139,37,83,90,2,0,16,0,1
2024-01-05 15:30:00,R104,139,63,27,69,3,0,17,0,0
2024-01-05 15:35:00,R105,66,76,29,85,3,1,2,1,0
2024-01-05 15:40:00,R101,126,45,91,72,2,2,17,0,0
2024-01-05 15:45:00,R101,127,72,20,109,3,2,6,0,0
2024-01-05 15:50:00,R103,28,34,95,57,4,1,16,1,1
2024-01-05 15:55:00,R105,98,57,53,83,2,0,17,1,0
2024-01-05 16:00:00,R102,174,48,91,67,2,0,19,0,0
2024-01-05 16:05:00,R104,34,56,73,39,3,1,7,0,0
2024-01-05 16:10:00,R102,38,30,43,19,2,0,10,1,1
2024-01-05 16:15:00,R105,109,39,96,48,2,0,2,0,1
2024-01-05 16:20:00,R101,199,40,74,64,3,2,6,1,1
2024-01-05 16:25:00,R101,45,35,64,37,3,1,14,0,1
2024-01-05 16:30:00,R105,173,31,83,127,2,0,9,0,1
2024-01-05 16:35:00,R101,173,30,10,123,2,0,11,0,0
2024-01-05 16:40:00,R101,193,10,47,84,4,0,11,1,1
2024-01-05 16:45:00,R101,111,46,18,74,4,1,18,1,0
2024-01-05 16:50:00,R104,196,55,80,90,2,1,18,1,0
2024-01-05 16:55:00,R104,101,18,26,109,2,0,14,1,0
2024-01-05 17:00:00,R103,150,26,61,109,4,2,20,0,1
2024-01-05 17:05:00,R102,61,56,27,55,3,2,20,0,0
2024-01-05 17:10:00,R105,38,68,72,69,2,1,4,1,0
2024-01-05 17:15:00,R105,36,63,42,146,4,2,12,1,0
2024-01-05 17:20:00,R105,180,21,13,106,4,0,8,1,0
2024-01-05 17:25:00,R103,95,73,96,12,2,1,21,1,0
2024-01-05 17:30:00,R104,196,15,84,145,2,1,22,0,2
2024-01-05 17:35:00,R103,82,62,61,123,4,2,9,1,0
2024-01-05 17:40:00,R105,150,25,18,125,2,1,7,0,0
2024-01-05 17:45:00,R102,126,14,73,67,3,2,8,1,2
2024-01-05 17:50:00,R101,68,55,39,79,2,2,5,0,0
2024-01-05 17:55:00,R104,74,23,17,102,4,0,23,1,0
2024-01-05 18:00:00,R104,173,53,14,149,4,2,17,0,0
2024-01-05 18:05:00,R103,118,72,85,146,2,2,9,0,0
2024-01-05 18:10:00,R104,71,61,72,114,4,1,23,0,0
2024-01-05 18:15:00,R105,119,35,10,58,3,0,14,0,0
2024-01-05 18:20:00,R105,136,62,24,92,2,0,12,0,0
2024-01-05 18:25:00,R103,137,38,98,26,2,2,10,0,1
2024-01-05 18:30:00,R105,26,28,91,63,4,1,1,0,1
2024-01-05 18:35:00,R102,65,56,47,121,3,1,7,0,0
2024-01-05 18:40:00,R103,65,17,51,58,2,1,17,0,1
2024-01-05 18:45:00,R102,119,32,55,94,4,0,2,1,1
2024-01-05 18:50:00,R101,163,44,62,21,2,0,22,1,1
2024-01-05 18:55:00,R102,171,62,35,135,3,2,2,0,0
2024-01-05 19:00:00,R101,73,67,70,107,4,2,20,1,0
2024-01-05 19:05:00,R101,81,14,76,145,2,1,6,1,2
2024-01-05 19:10:00,R102,148,25,63,57,4,2,17,0,1
2024-01-05 19:15:00,R103,68,26,31,145,4,1,20,0,0
2024-01-05 19:20:00,R105,44,41,35,37,3,0,20,1,0
2024-01-05 19:25:00,R105,29,61,92,89,3,2,8,0,0
2024-01-05 19:30:00,R101,137,29,69,19,2,1,17,0,1
2024-01-05 19:35:00,R101,163,75,48,61,4,0,0,0,0
2024-01-05 19:40:00,R103,176,10,45,141,4,1,3,1,1
2024-01-05 19:45:00,R104,111,67,30,99,4,2,3,1,0
2024-01-05 19:50:00,R102,153,53,50,71,2,1,16,1,0
2024-01-05 19:55:00,R101,163,15,57,116,3,0,22,0,1
2024-01-05 20:00:00,R105,167,59,35,141,3,2,1,0,0
2024-01-05 20:05:00,R103,99,29,72,50,4,0,14,0,1
2024-01-05 20:10:00,R102,90,23,86,108,2,2,12,0,2
2024-01-05 20:15:00,R103,97,14,45,64,4,1,8,0,1
2024-01-05 20:20:00,R102,62,50,33,37,3,0,6,1,0
2024-01-05 20:25:00,R102,173,49,99,110,4,0,11,0,0
2024-01-05 20:30:00,R101,109,43,30,56,4,1,11,1,0
2024-01-05 20:35:00,R103,97,54,27,146,4,0,13,0,0
2024-01-05 20:40:00,R103,180,36,24,139,3,0,22,1,0
2024-01-05 20:45:00,R105,45,53,88,126,2,0,14,0,0
2024-01-05 20:50:00,R105,140,42,15,117,4,0,0,0,0
2024-01-05 20:55:00,R101,64,42,52,78,3,1,8,0,1
2024-01-05 21:00:00,R101,82,53,40,37,4,0,15,0,0
2024-01-05 21:05:00,R104,199,29,37,88,2,0,8,1,0
2024-01-05 21:10:00,R105,87,45,17,23,4,0,15,0,0
2024-01-05 21:15:00,R102,173,16,38,55,2,2,1,1,0
2024-01-05 21:20:00,R103,21,41,30,25,3,2,9,1,0
2024-01-05 21:25:00,R101,161,76,90,90,2,1,17,1,0
2024-01-05 21:30:00,R103,127,48,97,67,2,1,12,0,0
2024-01-05 21:35:00,R103,49,33,67,57,3,1,1,0,1
2024-01-05 21:40:00,R104,68,79,69,58,2,0,12,1,0
2024-01-05 21:45:00,R105,159,63,59,98,2,2,23,0,0
2024-01-05 21:50:00,R101,63,47,40,139,3,2,2,1,0
2024-01-05 21:55:00,R103,180,41,56,23,2,1,14,1,1
2024-01-05 22:00:00,R101,32,54,43,112,2,2,2,0,0
2024-01-05 22:05:00,R102,97,70,11,130,4,1,22,0,0
2024-01-05 22:10:00,R104,145,79,76,132,2,0,9,1,0
2024-01-05 22:15:00,R102,117,62,81,147,2,2,5,1,0
2024-01-05 22:20:00,R101,45,60,61,79,2,0,22,0,0
2024-01-05 22:25:00,R101,168,65,16,112,3,0,21,0,0
2024-01-05 22:30:00,R105,175,36,85,111,2,2,13,0,1
2024-01-05 22:35:00,R103,67,47,28,73,3,1,8,1,0
2024-01-05 22:40:00,R103,187,71,99,27,3,2,17,1,0
2024-01-05 22:45:00,R102,85,27,24,72,2,0,7,1,0
2024-01-05 22:50:00,R104,106,73,87,58,2,1,5,0,0
2024-01-05 22:55:00,R103,98,39,57,65,2,0,14,1,1
2024-01-05 23:00:00,R105,42,58,23,100,2,1,13,1,0
2024-01-05 23:05:00,R102,100,50,12,67,2,2,14,1,0
2024-01-05 23:10:00,R102,67,22,59,64,2,0,19,0,1
2024-01-05 23:15:00,R105,143,43,63,94,2,1,5,1,1
2024-01-05 23:20:00,R104,149,34,15,28,3,1,21,0,0
2024-01-05 23:25:00,R105,103,75,58,112,4,2,11,1,0
2024-01-05 23:30:00,R104,39,27,32,121,3,1,9,1,0
2024-01-05 23:35:00,R105,65,14,87,117,2,1,18,0,2
2024-01-05 23:40:00,R105,150,28,87,56,4,0,7,0,1
2024-01-05 23:45:00,R101,31,51,29,116,4,2,4,0,0
2024-01-05 23:50:00,R102,59,27,86,93,2,2,9,1,1
2024-01-05 23:55:00,R105,85,41,69,137,2,0,10,0,1
2024-01-06 00:00:00,R105,119,30,54,67,3,0,19,1,1
2024-01-06 00:05:00,R103,97,19,70,106,4,0,13,1,1
2024-01-06 00:10:00,R102,35,46,65,56,4,1,13,0,0
2024-01-06 00:15:00,R103,102,58,11,149,2,2,1,0,0
2024-01-06 00:20:00,R102,181,22,54,112,2,2,16,0,1
2024-01-06 00:25:00,R103,63,64,49,93,4,2,14,0,0
2024-01-06 00:30:00,R105,153,26,33,58,4,1,22,1,0
2024-01-06 00:35:00,R105,119,18,38,140,2,2,2,1,0
2024-01-06 00:40:00,R101,41,53,76,121,2,2,2,0,0
2024-01-06 00:45:00,R103,37,55,77,69,2,2,2,0,0
2024-01-06 00:50:00,R104,31,17,75,75,3,2,2,1,2
2024-01-06 00:55:00,R101,199,46,93,96,3,0,17,1,0
2024-01-06 01:00:00,R103,142,28,63,135,2,1,5,0,1
2024-01-06 01:05:00,R103,136,72,62,35,3,2,13,1,0
2024-01-06 01:10:00,R101,70,55,88,80,4,2,2,1,0
2024-01-06 01:15:00,R105,90,35,58,83,4,2,0,1,1
2024-01-06 01:20:00,R103,67,55,41,56,2,2,9,1,0
2024-01-06 01:25:00,R105,38,55,70,85,4,2,12,1,0
2024-01-06 01:30:00,R101,25,23,51,105,4,0,8,1,1
2024-01-06 01:35:00,R105,103,72,10,40,4,0,21,1,0
2024-01-06 01:40:00,R102,174,12,72,31,4,1,21,1,2
2024-01-06 01:45:00,R104,72,37,44,26,4,1,1,0,1
2024-01-06 01:50:00,R103,126,38,60,145,3,2,9,1,1
2024-01-06 01:55:00,R104,120,27,80,107,3,2,11,0,1
2024-01-06 02:00:00,R105,67,44,54,58,2,0,18,0,1
2024-01-06 02:05:00,R103,154,56,86,96,4,1,2,0,0
2024-01-06 02:10:00,R105,88,14,74,47,3,2,18,0,2
2024-01-06 02:15:00,R102,30,68,23,62,3,2,0,0,0
2024-01-06 02:20:00,R101,162,68,12,37,3,2,14,1,0
2024-01-06 02:25:00,R103,150,56,33,86,4,1,22,0,0
2024-01-06 02:30:00,R102,141,22,74,148,3,0,12,1,2
2024-01-06 02:35:00,R102,88,42,57,27,2,0,6,0,1
2024-01-06 02:40:00,R103,42,71,19,59,2,2,1,1,0
2024-01-06 02:45:00,R105,56,25,22,98,4,2,21,1,0
2024-01-06 02:50:00,R102,28,53,82,54,2,2,19,0,0
2024-01-06 02:55:00,R104,34,67,23,136,3,2,10,1,0
2024-01-06 03:00:00,R102,150,15,19,102,4,2,22,0,0
2024-01-06 03:05:00,R105,112,24,49,30,2,1,15,1,1
2024-01-06 03:10:00,R105,36,13,32,85,4,0,13,1,0
2024-01-06 03:15:00,R104,173,65,64,100,3,1,22,0,0
2024-01-06 03:20:00,R102,168,73,72,105,2,1,14,1,0
2024-01-06 03:25:00,R105,91,77,80,105,3,2,19,1,0
2024-01-06 03:30:00,R103,168,43,51,84,2,1,18,1,1
2024-01-06 03:35:00,R101,140,65,75,119,4,0,6,1,0
2024-01-06 03:40:00,R101,30,41,88,91,2,2,8,1,1
2024-01-06 03:45:00,R101,185,18,82,137,2,0,3,1,2
2024-01-06 03:50:00,R102,91,72,56,112,2,1,5,0,0
2024-01-06 03:55:00,R104,125,42,90,142,4,2,22,1,1
2024-01-06 04:00:00,R105,144,30,61,148,2,0,9,0,1
2024-01-06 04:05:00,R103,54,64,27,44,3,0,2,1,0
2024-01-06 04:10:00,R103,138,66,88,121,4,2,20,0,0
2024-01-06 04:15:00,R102,33,11,27,96,4,0,0,1,0
2024-01-06 04:20:00,R101,33,22,33,128,3,2,5,0,0
2024-01-06 04:25:00,R102,29,13,32,107,4,2,4,1,0
2024-01-06 04:30:00,R104,159,59,21,90,2,1,22,0,0
2024-01-06 04:35:00,R104,57,57,32,147,4,0,14,0,0
2024-01-06 04:40:00,R105,127,39,30,91,3,2,10,0,0
2024-01-06 04:45:00,R105,138,38,73,145,4,1,19,1,1
2024-01-06 04:50:00,R104,53,17,99,35,3,1,12,1,2
2024-01-06 04:55:00,R104,188,21,81,12,4,2,5,1,2
2024-01-06 05:00:00,R104,29,50,43,68,3,2,4,0,0
2024-01-06 05:05:00,R102,141,35,11,125,4,0,1,1,0
2024-01-06 05:10:00,R104,164,59,78,140,2,0,16,0,0
2024-01-06 05:15:00,R103,164,11,40,139,3,0,23,1,0
2024-01-06 05:20:00,R101,134,64,77,45,3,2,11,0,0
2024-01-06 05:25:00,R104,20,65,79,95,4,1,11,0,0
2024-01-06 05:30:00,R101,31,23,96,107,4,1,21,0,2
2024-01-06 05:35:00,R102,122,15,28,133,4,2,13,1,0
2024-01-06 05:40:00,R101,23,70,81,82,2,0,6,0,0
2024-01-06 05:45:00,R102,189,21,22,119,4,1,21,1,0
2024-01-06 05:50:00,R103,160,22,74,131,3,1,13,0,2
2024-01-06 05:55:00,R102,117,28,15,139,4,0,6,1,0
2024-01-06 06:00:00,R102,125,53,80,36,2,1,8,0,0
2024-01-06 06:05:00,R105,104,68,36,77,4,0,13,0,0
2024-01-06 06:10:00,R104,140,46,88,23,4,1,20,0,0
2024-01-06 06:15:00,R104,151,34,61,107,3,1,16,1,1
2024-01-06 06:20:00,R103,101,25,96,32,4,1,16,0,1
2024-01-06 06:25:00,R103,38,47,57,124,2,0,20,0,0
2024-01-06 06:30:00,R104,149,52,97,121,4,1,12,1,0
2024-01-06 06:35:00,R105,31,23,88,105,4,1,17,1,2
2024-01-06 06:40:00,R104,100,15,77,87,3,1,18,0,2
2024-01-06 06:45:00,R105,93,32,53,70,4,2,16,1,1
2024-01-06 06:50:00,R103,117,69,26,94,3,1,5,1,0
2024-01-06 06:55:00,R101,25,21,47,80,3,1,11,0,1
2024-01-06 07:00:00,R103,155,22,19,94,4,0,5,1,0
2024-01-06 07:05:00,R103,144,15,63,59,3,0,2,0,1
2024-01-06 07:10:00,R102,70,72,15,149,3,2,14,0,0
2024-01-06 07:15:00,R102,30,47,15,24,4,0,2,0,0
2024-01-06 07:20:00,R102,146,59,61,43,4,0,22,1,0
2024-01-06 07:25:00,R102,159,61,24,44,2,0,14,1,0
2024-01-06 07:30:00,R105,92,49,77,48,2,2,0,0,0
2024-01-06 07:35:00,R104,21,17,66,142,3,2,20,0,1
2024-01-06 07:40:00,R101,27,70,65,39,3,1,2,1,0
2024-01-06 07:45:00,R103,158,17,16,141,4,1,4,1,0
2024-01-06 07:50:00,R105,143,43,60,112,2,0,13,0,1
2024-01-06 07:55:00,R101,72,69,67,83,2,1,3,0,0
2024-01-06 08:00:00,R105,29,66,73,64,4,1,21,0,0
2024-01-06 08:05:00,R105,131,55,35,69,4,2,8,1,0
2024-01-06 08:10:00,R103,27,31,67,33,4,2,17,0,1
2024-01-06 08:15:00,R104,55,49,40,31,4,1,9,1,0
2024-01-06 08:20:00,R102,125,54,75,41,2,1,7,0,0
2024-01-06 08:25:00,R104,33,64,22,104,4,1,12,1,0
2024-01-06 08:30:00,R103,105,60,27,92,4,0,1,1,0
2024-01-06 08:35:00,R103,168,14,84,12,2,2,19,0,2
2024-01-06 08:40:00,R103,69,22,22,79,4,1,19,1,0
2024-01-06 08:45:00,R101,186,37,33,139,2,1,6,1,0
2024-01-06 08:50:00,R104,39,71,66,97,2,0,10,0,0
2024-01-06 08:55:00,R104,106,33,38,118,4,2,4,1,0
2024-01-06 09:00:00,R105,154,16,65,68,4,0,17,1,1
2024-01-06 09:05:00,R105,156,47,63,86,3,0,7,0,0
2024-01-06 09:10:00,R105,148,46,14,23,3,1,9,1,0
2024-01-06 09:15:00,R103,173,77,44,60,2,0,1,1,0
2024-01-06 09:20:00,R104,185,51,28,148,2,0,2,0,0
2024-01-06 09:25:00,R103,57,14,64,87,3,1,22,0,1
2024-01-06 09:30:00,R101,63,73,86,89,2,2,4,0,0
2024-01-06 09:35:00,R105,105,59,78,19,3,1,15,1,0
2024-01-06 09:40:00,R103,63,24,53,89,4,2,9,0,1
2024-01-06 09:45:00,R103,93,62,87,133,4,0,10,0,0
2024-01-06 09:50:00,R101,138,34,47,43,4,0,18,0,1
2024-01-06 09:55:00,R102,141,18,71,130,2,1,15,0,2
2024-01-06 10:00:00,R104,153,47,31,89,4,1,11,0,0
2024-01-06 10:05:00,R102,164,31,82,62,2,1,1,0,1
2024-01-06 10:10:00,R105,70,58,49,27,4,0,10,0,0
2024-01-06 10:15:00,R103,57,77,35,111,2,0,21,1,0
2024-01-06 10:20:00,R101,171,24,14,144,2,2,0,1,0
2024-01-06 10:25:00,R101,70,74,63,107,3,1,23,0,0
2024-01-06 10:30:00,R104,29,63,95,54,3,0,4,0,0
2024-01-06 10:35:00,R102,139,39,58,44,3,2,20,1,1
2024-01-06 10:40:00,R104,168,29,12,123,2,1,13,0,0
2024-01-06 10:45:00,R103,89,42,47,30,3,1,17,1,1
2024-01-06 10:50:00,R104,104,16,23,105,3,2,6,0,0
2024-01-06 10:55:00,R101,76,17,56,53,3,2,4,1,1
2024-01-06 11:00:00,R101,145,37,23,89,2,2,7,0,0
2024-01-06 11:05:00,R105,58,54,84,65,2,0,20,1,0
2024-01-06 11:10:00,R105,52,20,82,147,3,1,14,1,2
2024-01-06 11:15:00,R103,37,40,47,64,3,1,4,0,1
2024-01-06 11:20:00,R102,76,21,73,52,2,2,12,1,2
2024-01-06 11:25:00,R104,115,60,53,59,2,0,18,1,0
2024-01-06 11:30:00,R103,67,53,79,15,3,2,1,0,0
2024-01-06 11:35:00,R105,61,59,74,71,3,0,4,1,0
2024-01-06 11:40:00,R104,46,26,34,64,3,1,4,1,0
2024-01-06 11:45:00,R105,93,44,25,149,2,1,5,1,0
2024-01-06 11:50:00,R104,129,10,24,125,3,0,15,1,0
2024-01-06 11:55:00,R102,199,38,90,40,2,1,1,0,1
2024-01-06 12:00:00,R103,189,60,12,83,4,1,4,1,0
2024-01-06 12:05:00,R104,51,73,76,43,3,2,14,1,0
2024-01-06 12:10:00,R101,45,13,46,19,4,0,0,1,1
2024-01-06 12:15:00,R101,44,37,90,61,2,1,18,1,1
2024-01-06 12:20:00,R104,94,25,64,87,4,1,2,0,1
2024-01-06 12:25:00,R104,42,72,47,12,3,0,18,1,0
2024-01-06 12:30:00,R104,76,62,72,144,4,1,14,0,0
2024-01-06 12:35:00,R101,199,26,10,13,4,0,2,0,0
2024-01-06 12:40:00,R101,145,49,80,57,4,0,7,1,0
2024-01-06 12:45:00,R104,106,22,99,83,2,2,14,0,2
2024-01-06 12:50:00,R105,50,61,28,88,3,0,0,1,0
2024-01-06 12:55:00,R105,83,67,61,13,2,2,5,1,0
2024-01-06 13:00:00,R102,52,46,39,13,4,1,21,1,0
2024-01-06 13:05:00,R103,21,70,64,129,4,0,16,0,0
2024-01-06 13:10:00,R105,37,43,23,128,2,2,15,0,0
2024-01-06 13:15:00,R101,194,79,22,26,2,0,12,1,0
2024-01-06 13:20:00,R105,180,26,93,105,4,1,0,0,1
2024-01-06 13:25:00,R102,103,29,99,79,3,2,2,0,1
2024-01-06 13:30:00,R102,54,68,36,106,2,2,23,0,0
2024-01-06 13:35:00,R103,198,78,98,17,4,2,5,0,0
2024-01-06 13:40:00,R105,133,42,18,123,4,1,19,1,0
2024-01-06 13:45:00,R101,165,26,50,14,3,2,20,1,1
2024-01-06 13:50:00,R101,129,66,57,56,4,1,2,1,0
2024-01-06 13:55:00,R104,107,10,21,49,2,1,14,0,0
2024-01-06 14:00:00,R101,91,22,19,131,4,0,14,1,0
2024-01-06 14:05:00,R103,144,36,15,144,4,1,10,1,0
2024-01-06 14:10:00,R103,49,79,43,149,4,2,21,1,0
2024-01-06 14:15:00,R101,191,68,61,103,4,2,5,0,0
2024-01-06 14:20:00,R101,72,15,50,37,3,1,5,0,1
2024-01-06 14:25:00,R104,157,32,92,86,2,1,8,0,1
2024-01-06 14:30:00,R101,106,19,15,58,4,0,13,1,0
2024-01-06 14:35:00,R104,199,60,11,95,2,0,10,1,0
2024-01-06 14:40:00,R104,196,28,24,63,3,2,23,1,0
2024-01-06 14:45:00,R101,158,60,26,27,2,1,5,0,0
2024-01-06 14:50:00,R102,183,77,25,36,3,2,17,1,0
2024-01-06 14:55:00,R102,180,51,37,81,2,1,19,0,0
2024-01-06 15:00:00,R104,194,66,94,143,2,2,14,0,0
2024-01-06 15:05:00,R101,32,77,81,131,4,2,21,0,0
2024-01-06 15:10:00,R102,59,47,19,114,2,2,8,1,0
2024-01-06 15:15:00,R101,108,71,19,78,4,1,10,0,0
2024-01-06 15:20:00,R101,87,16,19,80,4,0,1,1,0
2024-01-06 15:25:00,R101,61,59,82,126,2,0,5,0,0
2024-01-06 15:30:00,R105,166,61,37,41,4,1,22,1,0
2024-01-06 15:35:00,R101,113,35,33,118,2,0,13,0,0
2024-01-06 15:40:00,R105,38,35,28,106,4,2,13,1,0
2024-01-06 15:45:00,R104,42,28,77,10,4,1,23,1,1
2024-01-06 15:50:00,R102,73,18,65,117,3,1,12,0,1
2024-01-06 15:55:00,R102,84,70,76,123,3,0,4,1,0
2024-01-06 16:00:00,R102,159,29,51,50,2,0,8,1,1
2024-01-06 16:05:00,R102,43,59,21,17,4,2,10,0,0
2024-01-06 16:10:00,R102,53,31,27,39,3,1,6,0,0
2024-01-06 16:15:00,R102,72,22,32,55,3,0,1,1,0
2024-01-06 16:20:00,R102,155,21,93,114,3,1,23,0,2
2024-01-06 16:25:00,R104,37,19,15,105,4,2,11,1,0
2024-01-06 16:30:00,R101,76,74,62,70,2,2,4,0,0
2024-01-06 16:35:00,R103,131,39,51,98,4,2,23,0,1
2024-01-06 16:40:00,R105,24,17,75,135,4,1,1,0,2
2024-01-06 16:45:00,R103,173,30,39,70,3,1,13,1,0
2024-01-06 16:50:00,R103,177,31,18,129,4,1,6,0,0
2024-01-06 16:55:00,R101,32,27,51,130,4,1,4,1,1
2024-01-06 17:00:00,R101,102,75,43,57,3,1,3,1,0
2024-01-06 17:05:00,R101,48,57,49,68,3,2,9,0,0
2024-01-06 17:10:00,R102,22,53,97,20,4,2,15,0,0
2024-01-06 17:15:00,R104,109,18,26,34,3,2,5,0,0
2024-01-06 17:20:00,R102,123,76,38,55,2,0,20,0,0
2024-01-06 17:25:00,R104,142,63,59,63,2,2,5,0,0
2024-01-06 17:30:00,R104,95,35,85,43,2,1,8,1,1
2024-01-06 17:35:00,R103,149,35,58,93,2,2,0,0,1
2024-01-06 17:40:00,R103,127,43,82,144,2,0,15,1,1
2024-01-06 17:45:00,R104,175,17,70,71,3,0,16,1,1
2024-01-06 17:50:00,R104,101,19,92,66,3,0,12,0,2
2024-01-06 17:55:00,R102,96,57,55,102,2,0,5,0,0
2024-01-06 18:00:00,R102,21,64,55,125,2,0,1,1,0
2024-01-06 18:05:00,R103,146,63,26,85,2,1,7,1,0
2024-01-06 18:10:00,R101,154,49,75,142,3,2,22,0,0
2024-01-06 18:15:00,R104,45,24,14,85,3,1,21,1,0
2024-01-06 18:20:00,R102,107,27,63,46,4,1,3,1,1
2024-01-06 18:25:00,R103,35,32,25,39,4,0,8,1,0
2024-01-06 18:30:00,R102,170,71,90,51,4,2,22,0,0
2024-01-06 18:35:00,R104,187,55,16,70,4,2,6,1,0
2024-01-06 18:40:00,R104,92,48,17,57,3,2,20,1,0
2024-01-06 18:45:00,R105,51,24,81,93,3,0,0,1,2
2024-01-06 18:50:00,R101,34,62,96,102,3,1,13,0,0
2024-01-06 18:55:00,R105,160,73,91,77,3,2,1,0,0
2024-01-06 19:00:00,R103,24,72,47,55,2,1,7,1,0
2024-01-06 19:05:00,R102,93,25,63,122,4,2,10,1,1
2024-01-06 19:10:00,R103,71,79,85,37,3,2,4,1,0
2024-01-06 19:15:00,R104,96,75,24,86,3,2,17,0,0
2024-01-06 19:20:00,R105,188,22,59,130,4,2,11,0,1
2024-01-06 19:25:00,R105,129,56,65,12,3,0,20,1,0
2024-01-06 19:30:00,R105,197,18,18,46,2,0,23,1,0
2024-01-06 19:35:00,R103,162,72,17,101,3,1,19,1,0
2024-01-06 19:40:00,R104,125,43,28,92,4,0,18,1,0
2024-01-06 19:45:00,R102,146,38,60,26,2,2,4,1,1
2024-01-06 19:50:00,R102,26,46,81,130,2,1,6,1,0
2024-01-06 19:55:00,R103,59,52,66,96,4,1,1,1,0
2024-01-06 20:00:00,R105,175,73,77,49,4,1,16,0,0
2024-01-06 20:05:00,R101,179,33,40,82,2,2,12,0,0
2024-01-06 20:10:00,R103,118,43,12,38,3,2,10,0,0
2024-01-06 20:15:00,R103,162,57,92,51,4,1,4,1,0
2024-01-06 20:20:00,R104,104,21,52,38,2,0,12,0,1
2024-01-06 20:25:00,R102,84,32,38,75,4,2,22,1,0
2024-01-06 20:30:00,R103,151,22,19,133,3,2,12,0,0
2024-01-06 20:35:00,R103,30,54,21,129,3,0,7,0,0
2024-01-06 20:40:00,R105,127,74,55,118,2,1,10,0,0
2024-01-06 20:45:00,R105,45,56,39,101,3,0,7,0,0
2024-01-06 20:50:00,R101,184,67,91,121,3,2,9,0,0
2024-01-06 20:55:00,R104,170,14,97,61,3,1,10,1,2
2024-01-06 21:00:00,R101,104,14,41,69,4,1,0,1,1
2024-01-06 21:05:00,R105,187,69,82,103,2,0,6,0,0
2024-01-06 21:10:00,R102,170,30,56,107,2,2,7,1,1
2024-01-06 21:15:00,R105,142,33,97,23,2,2,5,0,1
2024-01-06 21:20:00,R104,163,27,72,60,3,1,13,0,1
2024-01-06 21:25:00,R105,87,30,35,33,4,2,19,0,0
2024-01-06 21:30:00,R104,123,63,12,116,2,1,6,1,0
2024-01-06 21:35:00,R104,99,19,32,82,4,1,2,0,0
2024-01-06 21:40:00,R104,178,33,84,93,2,1,1,0,1
2024-01-06 21:45:00,R104,72,69,83,70,3,2,21,1,0
2024-01-06 21:50:00,R104,125,66,59,115,2,0,17,0,0
2024-01-06 21:55:00,R102,172,32,45,103,2,1,21,1,1
2024-01-06 22:00:00,R101,63,31,22,72,3,0,2,1,0
2024-01-06 22:05:00,R103,159,77,38,104,3,0,13,1,0
2024-01-06 22:10:00,R101,109,43,47,44,2,0,17,1,1
2024-01-06 22:15:00,R104,120,79,86,76,4,0,12,1,0
2024-01-06 22:20:00,R102,116,37,99,65,3,0,7,1,1
2024-01-06 22:25:00,R105,28,48,93,49,2,1,3,1,0
2024-01-06 22:30:00,R102,31,51,14,143,3,2,14,1,0
2024-01-06 22:35:00,R104,88,32,29,138,4,0,11,1,0
2024-01-06 22:40:00,R102,47,79,87,33,2,2,13,1,0
2024-01-06 22:45:00,R102,75,11,23,111,2,2,19,1,0
2024-01-06 22:50:00,R104,118,33,17,124,4,1,6,1,0
2024-01-06 22:55:00,R102,129,26,57,144,4,0,23,1,1
2024-01-06 23:00:00,R103,96,74,22,84,2,2,11,1,0
2024-01-06 23:05:00,R103,122,79,33,20,4,2,8,1,0
2024-01-06 23:10:00,R102,125,78,88,45,4,0,9,1,0
2024-01-06 23:15:00,R105,128,69,74,72,2,1,7,1,0
2024-01-06 23:20:00,R104,131,59,95,89,3,1,19,0,0
2024-01-06 23:25:00,R103,77,21,43,97,4,0,1,0,1
2024-01-06 23:30:00,R105,97,56,60,39,3,2,15,1,0
2024-01-06 23:35:00,R102,94,76,12,112,3,1,20,1,0
2024-01-06 23:40:00,R105,61,74,99,121,3,1,22,0,0
2024-01-06 23:45:00,R101,185,36,87,93,4,2,17,0,1
2024-01-06 23:50:00,R103,87,57,67,114,2,2,19,1,0
2024-01-06 23:55:00,R102,52,71,81,30,2,2,21,1,0
2024-01-07 00:00:00,R104,90,53,64,46,2,2,23,0,0
2024-01-07 00:05:00,R102,75,28,89,36,2,0,9,1,1
2024-01-07 00:10:00,R104,124,68,51,111,2,2,5,0,0
2024-01-07 00:15:00,R102,120,17,30,47,2,1,5,1,0
2024-01-07 00:20:00,R105,70,64,19,69,3,2,21,0,0
2024-01-07 00:25:00,R105,93,56,66,79,3,2,19,1,0
2024-01-07 00:30:00,R105,190,11,34,41,3,0,12,1,0
2024-01-07 00:35:00,R101,140,48,65,89,4,0,18,0,0
2024-01-07 00:40:00,R104,162,54,47,140,4,2,16,1,0
2024-01-07 00:45:00,R105,185,41,95,111,4,0,1,0,1
2024-01-07 00:50:00,R101,162,74,70,111,2,0,17,0,0
2024-01-07 00:55:00,R104,24,47,56,39,3,0,6,0,0
2024-01-07 01:00:00,R102,102,20,63,31,4,0,13,1,1
2024-01-07 01:05:00,R101,70,19,55,28,3,2,21,0,1
2024-01-07 01:10:00,R103,29,68,77,40,2,0,14,1,0
2024-01-07 01:15:00,R101,159,64,13,29,3,0,7,0,0
2024-01-07 01:20:00,R101,23,29,75,139,2,1,8,0,1
2024-01-07 01:25:00,R104,114,26,52,49,4,2,20,0,1
2024-01-07 01:30:00,R102,165,77,71,100,2,0,10,0,0
2024-01-07 01:35:00,R103,99,14,94,81,2,1,2,1,2
2024-01-07 01:40:00,R105,55,69,94,118,3,0,19,1,0
2024-01-07 01:45:00,R105,44,32,94,36,2,2,13,1,1
2024-01-07 01:50:00,R101,117,55,13,88,4,1,7,1,0
2024-01-07 01:55:00,R104,183,61,74,149,4,1,2,1,0
2024-01-07 02:00:00,R104,120,19,71,87,2,2,17,1,2
2024-01-07 02:05:00,R105,28,55,99,26,3,1,22,0,0
2024-01-07 02:10:00,R103,80,37,11,93,4,1,13,1,0
2024-01-07 02:15:00,R102,72,52,18,147,4,0,19,1,0
2024-01-07 02:20:00,R103,165,35,66,97,2,1,7,1,1
2024-01-07 02:25:00,R102,190,64,54,83,2,2,16,1,0
2024-01-07 02:30:00,R105,182,57,27,136,4,0,7,1,0
2024-01-07 02:35:00,R102,82,38,57,111,2,1,4,1,1
2024-01-07 02:40:00,R104,140,36,51,105,2,0,11,0,1
2024-01-07 02:45:00,R101,124,27,50,60,4,2,1,0,1
2024-01-07 02:50:00,R101,23,69,84,110,3,1,16,1,0
2024-01-07 02:55:00,R105,112,78,98,80,3,2,12,0,0
2024-01-07 03:00:00,R104,188,30,99,80,4,2,21,1,1
2024-01-07 03:05:00,R103,192,33,67,19,2,1,13,0,1
2024-01-07 03:10:00,R104,197,12,51,106,4,1,8,1,1
2024-01-07 03:15:00,R101,47,71,44,143,4,0,8,0,0
2024-01-07 03:20:00,R101,189,11,47,15,2,2,8,0,1
2024-01-07 03:25:00,R104,99,75,76,86,3,1,19,1,0
2024-01-07 03:30:00,R104,95,51,50,86,3,2,5,1,0
2024-01-07 03:35:00,R101,135,43,59,11,2,1,11,0,1
2024-01-07 03:40:00,R103,88,51,95,60,4,2,9,1,0
2024-01-07 03:45:00,R105,117,29,81,130,2,0,21,1,1
2024-01-07 03:50:00,R105,20,77,88,137,4,2,4,1,0
2024-01-07 03:55:00,R104,186,54,54,11,2,1,17,1,0
2024-01-07 04:00:00,R105,115,51,80,60,2,0,6,1,0
2024-01-07 04:05:00,R101,36,56,28,79,3,0,12,1,0
2024-01-07 04:10:00,R101,131,14,26,29,3,1,0,0,0
2024-01-07 04:15:00,R104,110,58,74,32,2,0,5,1,0
2024-01-07 04:20:00,R104,107,46,86,63,2,2,20,1,0
2024-01-07 04:25:00,R104,182,43,65,143,3,2,20,0,1
2024-01-07 04:30:00,R103,193,79,50,145,4,1,7,0,0
2024-01-07 04:35:00,R105,189,27,51,66,3,2,8,0,1
2024-01-07 04:40:00,R104,186,28,15,124,4,1,6,1,0
2024-01-07 04:45:00,R102,109,49,78,132,3,0,9,0,0
2024-01-07 04:50:00,R102,68,26,84,45,3,2,7,0,1
2024-01-07 04:55:00,R101,57,69,82,80,4,1,1,0,0
2024-01-07 05:00:00,R105,170,51,49,78,2,2,17,0,0
2024-01-07 05:05:00,R104,169,74,50,67,3,0,14,0,0
2024-01-07 05:10:00,R102,151,62,18,72,3,0,23,0,0
2024-01-07 05:15:00,R105,196,16,17,25,3,2,5,0,0
2024-01-07 05:20:00,R101,78,14,53,143,2,0,23,0,1
2024-01-07 05:25:00,R103,87,33,67,87,3,1,13,1,1
2024-01-07 05:30:00,R105,149,37,76,131,2,2,21,1,1
2024-01-07 05:35:00,R105,68,71,22,11,3,2,23,0,0
2024-01-07 05:40:00,R103,145,26,28,123,4,0,17,1,0
2024-01-07 05:45:00,R105,178,29,58,123,3,1,23,1,1
2024-01-07 05:50:00,R101,130,12,89,133,3,2,2,1,2
2024-01-07 05:55:00,R101,187,46,91,95,2,2,0,0,0
2024-01-07 06:00:00,R103,67,24,87,138,2,0,22,0,2
2024-01-07 06:05:00,R104,70,60,39,30,2,0,0,1,0
2024-01-07 06:10:00,R102,62,57,75,10,4,1,13,0,0
2024-01-07 06:15:00,R104,117,17,86,141,4,1,0,1,2
2024-01-07 06:20:00,R105,196,22,68,67,2,0,0,0,1
2024-01-07 06:25:00,R102,143,57,62,10,4,1,3,1,0
2024-01-07 06:30:00,R103,99,12,61,16,2,0,11,0,1
2024-01-07 06:35:00,R103,130,74,90,60,4,2,14,0,0
2024-01-07 06:40:00,R102,162,40,40,12,2,0,3,1,0
2024-01-07 06:45:00,R101,46,35,24,40,2,0,9,1,0
2024-01-07 06:50:00,R102,177,65,29,109,4,0,10,1,0
2024-01-07 06:55:00,R105,183,43,14,71,3,2,5,1,0
2024-01-07 07:00:00,R101,132,18,16,117,2,1,9,0,0
2024-01-07 07:05:00,R103,105,71,27,64,2,1,11,0,0
2024-01-07 07:10:00,R102,133,22,65,53,3,1,2,1,1
2024-01-07 07:15:00,R104,143,78,84,90,2,0,14,1,0
2024-01-07 07:20:00,R104,68,50,99,39,2,0,15,0,0
2024-01-07 07:25:00,R105,95,10,54,75,4,1,9,0,1
2024-01-07 07:30:00,R104,74,56,37,145,3,2,21,0,0
2024-01-07 07:35:00,R102,75,13,59,23,2,2,22,0,1
2024-01-07 07:40:00,R102,114,72,11,110,2,2,10,1,0
2024-01-07 07:45:00,R104,63,61,93,115,3,2,15,1,0
2024-01-07 07:50:00,R102,178,19,77,112,3,0,16,0,2
2024-01-07 07:55:00,R105,106,37,86,71,4,1,13,0,1
2024-01-07 08:00:00,R101,103,15,33,84,4,2,15,1,0
2024-01-07 08:05:00,R105,170,36,57,88,4,0,13,1,1
2024-01-07 08:10:00,R105,175,21,54,116,2,0,5,0,1
2024-01-07 08:15:00,R102,35,71,67,105,3,0,9,1,0
2024-01-07 08:20:00,R101,184,61,45,49,4,1,16,1,0
2024-01-07 08:25:00,R102,168,57,11,116,3,0,22,0,0
2024-01-07 08:30:00,R103,164,76,27,26,2,1,9,1,0
2024-01-07 08:35:00,R102,56,55,58,24,2,1,20,0,0
2024-01-07 08:40:00,R102,96,24,17,25,3,1,9,0,0
2024-01-07 08:45:00,R102,166,45,67,22,3,1,13,0,0
2024-01-07 08:50:00,R101,177,23,24,45,4,0,19,1,0
2024-01-07 08:55:00,R102,64,12,26,52,3,0,16,1,0
2024-01-07 09:00:00,R101,165,76,32,123,4,0,8,1,0
2024-01-07 09:05:00,R104,81,28,75,83,3,2,14,0,1
2024-01-07 09:10:00,R103,183,63,79,90,3,2,6,1,0
2024-01-07 09:15:00,R101,119,78,36,103,3,1,1,1,0
2024-01-07 09:20:00,R104,71,19,46,39,2,1,3,0,1
2024-01-07 09:25:00,R101,38,42,58,39,2,1,19,1,1
2024-01-07 09:30:00,R101,128,22,73,19,2,1,23,1,2
2024-01-07 09:35:00,R103,63,60,43,108,4,1,17,0,0
2024-01-07 09:40:00,R105,26,41,27,103,4,2,10,1,0
2024-01-07 09:45:00,R105,191,33,73,48,2,1,4,1,1
2024-01-07 09:50:00,R101,136,44,83,46,2,0,7,1,1
2024-01-07 09:55:00,R102,87,79,53,140,3,1,21,1,0
2024-01-07 10:00:00,R104,53,49,26,98,3,0,19,1,0
2024-01-07 10:05:00,R102,88,63,68,23,4,0,4,1,0
2024-01-07 10:10:00,R102,74,53,22,48,4,0,1,0,0
2024-01-07 10:15:00,R101,29,71,61,139,3,0,4,0,0
2024-01-07 10:20:00,R101,61,77,69,52,4,1,2,0,0
2024-01-07 10:25:00,R101,60,42,51,140,2,1,11,1,1
2024-01-07 10:30:00,R101,141,65,73,17,3,1,18,0,0
2024-01-07 10:35:00,R105,157,45,75,105,3,1,6,0,0
2024-01-07 10:40:00,R101,29,63,43,74,4,1,18,0,0
2024-01-07 10:45:00,R105,121,28,96,88,3,2,3,1,1
2024-01-07 10:50:00,R105,147,52,80,141,3,0,22,0,0
2024-01-07 10:55:00,R101,198,21,73,77,2,0,13,1,2
2024-01-07 11:00:00,R103,168,20,42,101,3,2,18,0,1
2024-01-07 11:05:00,R104,155,79,21,19,3,2,17,0,0
2024-01-07 11:10:00,R102,111,21,85,84,3,1,6,0,2
2024-01-07 11:15:00,R105,132,50,28,70,3,1,14,0,0
2024-01-07 11:20:00,R104,97,34,18,56,2,0,20,1,0
2024-01-07 11:25:00,R103,104,12,83,12,3,1,0,0,2
2024-01-07 11:30:00,R102,49,12,26,112,2,0,11,0,0
2024-01-07 11:35:00,R102,68,37,59,26,2,1,23,0,1
2024-01-07 11:40:00,R105,28,32,48,31,2,1,18,1,1
2024-01-07 11:45:00,R101,164,57,50,125,4,0,22,0,0
2024-01-07 11:50:00,R103,88,76,19,100,4,2,5,0,0
2024-01-07 11:55:00,R105,77,51,21,113,3,2,12,1,0
2024-01-07 12:00:00,R103,81,49,88,12,2,1,5,1,0
2024-01-07 12:05:00,R101,71,15,24,61,4,2,12,0,0
2024-01-07 12:10:00,R101,59,29,37,120,3,1,14,0,0
2024-01-07 12:15:00,R105,185,20,13,51,4,2,15,0,0
2024-01-07 12:20:00,R101,190,36,45,139,2,2,7,0,1
2024-01-07 12:25:00,R104,82,30,74,48,3,0,12,1,1
2024-01-07 12:30:00,R102,166,22,56,55,2,2,12,0,1
2024-01-07 12:35:00,R105,69,44,90,57,2,1,19,0,1
2024-01-07 12:40:00,R103,180,56,48,36,4,0,19,0,0
2024-01-07 12:45:00,R104,160,37,47,24,3,2,11,1,1
2024-01-07 12:50:00,R105,97,30,53,16,3,0,18,1,1
2024-01-07 12:55:00,R101,116,27,60,118,3,2,16,0,1
2024-01-07 13:00:00,R101,62,40,94,51,4,1,2,1,1
2024-01-07 13:05:00,R101,196,69,35,18,3,1,14,0,0
2024-01-07 13:10:00,R101,55,46,45,114,4,0,16,0,0
2024-01-07 13:15:00,R103,141,30,78,143,3,2,5,1,1
2024-01-07 13:20:00,R104,127,23,10,85,4,2,23,1,0
2024-01-07 13:25:00,R102,29,69,62,39,3,0,18,1,0
2024-01-07 13:30:00,R103,114,32,15,93,4,0,11,0,0
2024-01-07 13:35:00,R103,25,38,46,135,2,1,3,1,1
2024-01-07 13:40:00,R102,76,56,11,93,2,0,20,0,0
2024-01-07 13:45:00,R102,148,39,78,63,2,2,22,1,1
2024-01-07 13:50:00,R101,90,47,99,119,3,0,11,0,0
2024-01-07 13:55:00,R103,40,36,50,36,4,1,21,0,1
2024-01-07 14:00:00,R105,111,24,60,93,2,0,1,0,1
2024-01-07 14:05:00,R102,146,68,56,16,3,2,6,1,0
2024-01-07 14:10:00,R102,99,12,22,113,4,0,15,1,0
2024-01-07 14:15:00,R104,75,19,85,81,2,0,23,1,2
2024-01-07 14:20:00,R105,135,26,78,11,2,0,11,0,1
2024-01-07 14:25:00,R105,167,20,75,147,3,1,15,1,2
2024-01-07 14:30:00,R102,44,57,68,59,4,1,13,1,0
2024-01-07 14:35:00,R101,175,14,77,27,3,1,0,1,2
2024-01-07 14:40:00,R104,24,78,68,25,2,1,21,1,0
2024-01-07 14:45:00,R105,139,73,19,61,3,2,8,0,0
2024-01-07 14:50:00,R102,40,23,22,93,3,2,6,1,0
2024-01-07 14:55:00,R105,37,59,11,105,2,1,4,0,0
2024-01-07 15:00:00,R104,194,35,99,51,2,1,9,0,1
2024-01-07 15:05:00,R104,76,78,24,122,4,1,9,0,0
2024-01-07 15:10:00,R103,112,16,55,133,4,0,17,0,1
2024-01-07 15:15:00,R102,38,25,66,24,2,2,6,0,1
2024-01-07 15:20:00,R104,147,64,19,99,2,0,17,1,0
2024-01-07 15:25:00,R103,116,65,31,51,4,1,12,1,0
2024-01-07 15:30:00,R103,150,13,98,54,3,2,10,0,2
2024-01-07 15:35:00,R105,189,57,88,103,2,1,9,1,0
2024-01-07 15:40:00,R105,40,26,86,116,2,0,21,0,1
2024-01-07 15:45:00,R103,59,45,17,31,3,2,8,0,0
2024-01-07 15:50:00,R105,86,79,30,137,4,0,14,0,0
2024-01-07 15:55:00,R104,172,47,94,47,4,2,13,0,0
2024-01-07 16:00:00,R101,146,71,31,106,3,1,2,1,0
2024-01-07 16:05:00,R104,74,57,54,110,2,2,23,0,0
2024-01-07 16:10:00,R103,199,19,49,16,3,0,13,1,1
2024-01-07 16:15:00,R103,191,45,31,53,2,0,20,1,0
2024-01-07 16:20:00,R104,128,38,39,85,4,0,15,1,0
2024-01-07 16:25:00,R105,117,13,71,16,2,0,22,1,2
2024-01-07 16:30:00,R105,131,53,82,69,2,1,2,0,0
2024-01-07 16:35:00,R103,134,65,54,10,2,0,7,1,0
2024-01-07 16:40:00,R102,136,51,44,71,2,1,1,0,0
2024-01-07 16:45:00,R105,106,22,91,96,2,2,23,1,2
2024-01-07 16:50:00,R104,100,55,51,98,4,0,1,0,0
2024-01-07 16:55:00,R105,85,42,14,27,3,2,22,0,0
2024-01-07 17:00:00,R104,38,30,36,117,4,2,17,1,0
2024-01-07 17:05:00,R103,154,66,79,144,2,1,6,1,0
2024-01-07 17:10:00,R105,137,78,71,124,3,0,16,1,0
2024-01-07 17:15:00,R104,61,79,41,63,2,1,5,0,0
2024-01-07 17:20:00,R103,61,76,17,76,4,0,9,1,0
2024-01-07 17:25:00,R102,78,57,94,102,4,2,6,1,0
2024-01-07 17:30:00,R104,39,42,27,147,2,1,3,1,0
2024-01-07 17:35:00,R102,92,45,87,68,2,0,10,0,0
2024-01-07 17:40:00,R102,36,42,24,78,3,2,15,1,0
2024-01-07 17:45:00,R101,46,40,35,107,3,1,16,1,0
2024-01-07 17:50:00,R105,194,30,62,17,2,1,5,0,1
2024-01-07 17:55:00,R104,21,36,53,64,3,1,19,1,1
2024-01-07 18:00:00,R102,82,71,41,143,2,1,18,0,0
2024-01-07 18:05:00,R101,81,35,37,138,2,2,19,0,0
2024-01-07 18:10:00,R103,119,75,48,65,2,2,21,0,0
2024-01-07 18:15:00,R104,38,21,41,113,4,2,20,0,1
2024-01-07 18:20:00,R102,36,31,86,123,2,2,17,0,1
2024-01-07 18:25:00,R105,88,26,88,97,2,0,14,0,1
2024-01-07 18:30:00,R101,186,16,27,147,2,2,1,0,0
2024-01-07 18:35:00,R102,136,77,79,117,3,1,18,0,0
2024-01-07 18:40:00,R105,100,46,20,32,2,1,5,0,0
2024-01-07 18:45:00,R102,58,47,41,110,4,1,11,0,0
2024-01-07 18:50:00,R104,55,20,29,65,4,1,0,0,0
2024-01-07 18:55:00,R104,187,10,49,117,2,0,22,0,1
2024-01-07 19:00:00,R104,192,34,17,104,2,1,23,0,0
2024-01-07 19:05:00,R101,151,51,44,15,2,1,22,0,0
2024-01-07 19:10:00,R104,172,61,78,39,4,1,10,1,0
2024-01-07 19:15:00,R105,177,33,87,138,3,2,18,0,1
2024-01-07 19:20:00,R102,48,62,30,60,3,2,21,1,0
2024-01-07 19:25:00,R103,70,65,33,115,2,0,3,1,0
2024-01-07 19:30:00,R105,171,72,26,98,3,0,20,1,0
2024-01-07 19:35:00,R105,33,17,27,136,4,0,18,1,0
2024-01-07 19:40:00,R104,88,68,21,55,2,1,20,1,0
2024-01-07 19:45:00,R101,165,54,25,130,3,0,5,1,0
2024-01-07 19:50:00,R102,189,36,13,108,2,2,7,0,0
2024-01-07 19:55:00,R101,76,61,98,78,2,2,21,1,0
2024-01-07 20:00:00,R102,31,27,43,72,4,2,8,0,1
2024-01-07 20:05:00,R102,36,25,55,59,4,1,9,0,1
2024-01-07 20:10:00,R101,49,75,84,21,3,1,9,1,0
2024-01-07 20:15:00,R105,107,14,86,78,4,0,9,0,2
2024-01-07 20:20:00,R102,118,12,40,82,2,0,3,0,0
2024-01-07 20:25:00,R101,42,79,34,53,4,0,17,1,0
2024-01-07 20:30:00,R102,148,16,83,61,3,0,11,0,2
2024-01-07 20:35:00,R103,98,59,33,18,3,1,10,1,0
2024-01-07 20:40:00,R105,51,23,74,127,3,2,15,1,2
2024-01-07 20:45:00,R104,28,47,34,19,4,1,18,1,0
2024-01-07 20:50:00,R102,34,56,37,55,4,0,10,1,0
2024-01-07 20:55:00,R103,175,42,45,112,4,1,22,1,1
2024-01-07 21:00:00,R104,171,52,91,46,4,2,3,0,0
2024-01-07 21:05:00,R104,182,38,15,61,4,1,11,1,0
2024-01-07 21:10:00,R102,46,66,75,108,3,2,16,1,0
2024-01-07 21:15:00,R101,128,14,76,90,3,0,23,0,2
2024-01-07 21:20:00,R102,95,69,81,22,4,1,12,1,0
2024-01-07 21:25:00,R103,167,79,57,143,2,0,3,1,0
2024-01-07 21:30:00,R104,84,11,92,110,3,0,5,1,2
2024-01-07 21:35:00,R102,196,79,79,137,2,2,6,1,0
2024-01-07 21:40:00,R101,128,52,87,57,2,2,7,1,0
2024-01-07 21:45:00,R102,148,13,76,20,3,0,1,1,2
2024-01-07 21:50:00,R105,29,65,57,90,2,2,8,1,0
2024-01-07 21:55:00,R101,66,68,74,14,2,2,9,0,0
2024-01-07 22:00:00,R103,142,18,53,15,3,0,18,1,1
2024-01-07 22:05:00,R104,78,12,72,126,3,0,0,0,2
2024-01-07 22:10:00,R102,115,57,55,51,4,2,15,1,0
2024-01-07 22:15:00,R101,122,52,28,90,3,0,17,1,0
2024-01-07 22:20:00,R105,143,10,73,12,2,0,7,1,2
2024-01-07 22:25:00,R101,105,66,92,69,3,2,9,0,0
2024-01-07 22:30:00,R105,165,62,82,102,4,1,21,0,0
2024-01-07 22:35:00,R103,131,25,80,58,3,1,10,0,1
2024-01-07 22:40:00,R104,193,60,59,43,2,0,16,1,0
2024-01-07 22:45:00,R103,179,64,72,46,3,2,6,1,0
2024-01-07 22:50:00,R102,46,10,50,51,2,0,2,0,1
2024-01-07 22:55:00,R101,37,37,16,10,3,2,6,0,0
2024-01-07 23:00:00,R105,186,62,18,141,4,0,5,1,0
2024-01-07 23:05:00,R105,196,67,13,112,4,0,2,1,0
2024-01-07 23:10:00,R101,101,69,98,119,3,2,7,1,0
2024-01-07 23:15:00,R101,191,68,58,43,2,0,0,0,0
2024-01-07 23:20:00,R102,91,31,85,10,4,1,4,0,1
2024-01-07 23:25:00,R103,73,17,15,62,2,1,23,1,0
2024-01-07 23:30:00,R105,181,58,91,31,3,2,18,1,0
2024-01-07 23:35:00,R102,90,51,30,25,4,0,12,1,0
2024-01-07 23:40:00,R103,183,36,24,128,4,1,10,0,0
2024-01-07 23:45:00,R102,165,48,76,95,2,2,21,1,0
2024-01-07 23:50:00,R105,57,34,75,51,4,2,10,0,1
2024-01-07 23:55:00,R101,156,47,65,80,2,2,1,0,0
2024-01-08 00:00:00,R101,198,33,77,126,2,1,8,0,1
2024-01-08 00:05:00,R103,54,33,41,29,3,1,1,1,1
2024-01-08 00:10:00,R104,101,69,75,117,2,1,20,1,0
2024-01-08 00:15:00,R103,152,59,38,139,4,1,18,0,0
2024-01-08 00:20:00,R104,161,75,75,16,2,0,11,0,0
2024-01-08 00:25:00,R102,177,23,43,18,4,1,8,1,1
2024-01-08 00:30:00,R102,23,62,36,36,2,2,8,0,0
2024-01-08 00:35:00,R105,186,41,69,139,3,0,22,1,1
2024-01-08 00:40:00,R104,172,57,48,94,3,1,9,1,0
2024-01-08 00:45:00,R105,175,48,53,69,2,0,4,1,0
2024-01-08 00:50:00,R101,169,49,91,121,2,2,8,1,0
2024-01-08 00:55:00,R104,178,51,45,95,2,1,22,0,0
2024-01-08 01:00:00,R103,42,17,28,139,3,0,17,1,0
2024-01-08 01:05:00,R101,67,35,54,92,2,1,9,0,1
2024-01-08 01:10:00,R101,167,21,93,113,2,0,16,0,2
2024-01-08 01:15:00,R103,144,52,30,97,4,0,9,0,0
2024-01-08 01:20:00,R101,185,60,32,29,3,2,13,1,0
2024-01-08 01:25:00,R104,74,72,98,135,3,2,3,1,0
2024-01-08 01:30:00,R105,87,58,36,107,2,1,9,0,0
2024-01-08 01:35:00,R101,107,36,81,60,2,1,23,1,1
2024-01-08 01:40:00,R104,20,18,28,97,4,0,21,1,0
2024-01-08 01:45:00,R102,154,48,50,72,2,2,17,1,0
2024-01-08 01:50:00,R104,114,74,35,98,3,2,4,1,0
2024-01-08 01:55:00,R105,159,16,37,140,4,0,8,1,0
2024-01-08 02:00:00,R104,125,76,73,98,3,2,5,0,0
2024-01-08 02:05:00,R103,152,19,77,101,2,2,15,1,2
2024-01-08 02:10:00,R105,127,62,89,85,4,0,21,1,0
2024-01-08 02:15:00,R102,197,66,60,35,3,1,22,0,0
2024-01-08 02:20:00,R103,61,36,83,117,3,1,15,1,1
2024-01-08 02:25:00,R104,121,63,57,17,3,1,10,0,0
2024-01-08 02:30:00,R105,143,13,19,142,2,0,20,0,0
2024-01-08 02:35:00,R102,159,32,82,148,2,1,14,1,1
2024-01-08 02:40:00,R103,122,57,48,51,2,0,18,0,0
2024-01-08 02:45:00,R102,165,51,28,128,2,0,2,0,0
2024-01-08 02:50:00,R104,93,12,73,117,3,2,15,1,2
2024-01-08 02:55:00,R102,127,12,28,129,4,2,20,0,0
2024-01-08 03:00:00,R101,141,37,85,55,2,1,19,1,1
2024-01-08 03:05:00,R103,36,72,71,101,4,0,4,0,0
2024-01-08 03:10:00,R102,90,40,22,83,3,1,8,1,0
2024-01-08 03:15:00,R104,81,19,34,105,2,1,4,0,0
2024-01-08 03:20:00,R104,60,58,98,27,3,2,3,1,0
2024-01-08 03:25:00,R102,138,30,51,149,2,1,12,1,1
2024-01-08 03:30:00,R104,181,62,48,124,2,1,19,0,0
2024-01-08 03:35:00,R105,64,63,39,81,4,2,16,0,0
2024-01-08 03:40:00,R105,77,66,14,55,3,1,19,1,0
2024-01-08 03:45:00,R105,198,29,90,47,3,1,11,0,1
2024-01-08 03:50:00,R101,145,58,27,139,3,0,19,0,0
2024-01-08 03:55:00,R102,181,16,30,18,4,1,19,0,0
2024-01-08 04:00:00,R101,63,38,95,117,4,2,6,1,1
2024-01-08 04:05:00,R104,34,57,59,142,3,2,0,1,0
2024-01-08 04:10:00,R101,97,22,15,107,3,0,15,1,0
2024-01-08 04:15:00,R104,89,12,59,28,2,2,6,0,1
2024-01-08 04:20:00,R104,197,11,89,80,2,2,1,0,2
2024-01-08 04:25:00,R103,120,25,75,48,4,2,11,0,1
2024-01-08 04:30:00,R105,179,15,10,51,2,1,10,1,0
2024-01-08 04:35:00,R104,22,54,66,99,3,0,7,1,0
2024-01-08 04:40:00,R103,105,14,39,116,3,0,0,1,0
2024-01-08 04:45:00,R105,93,65,67,145,2,0,2,1,0
2024-01-08 04:50:00,R104,70,41,61,105,2,0,7,0,1
2024-01-08 04:55:00,R104,86,58,46,41,4,2,7,0,0
2024-01-08 05:00:00,R101,95,22,57,135,2,1,10,0,1
2024-01-08 05:05:00,R101,112,39,96,33,4,2,20,1,1
2024-01-08 05:10:00,R105,195,34,10,33,2,2,4,0,0
2024-01-08 05:15:00,R104,164,69,28,129,2,2,7,0,0
2024-01-08 05:20:00,R102,26,68,55,27,2,2,20,1,0
2024-01-08 05:25:00,R101,32,37,76,149,2,0,8,1,1
2024-01-08 05:30:00,R105,139,67,11,50,3,0,16,0,0
2024-01-08 05:35:00,R104,85,29,65,96,3,1,4,1,1
2024-01-08 05:40:00,R104,23,43,26,91,3,2,18,0,0
2024-01-08 05:45:00,R102,157,14,91,42,2,0,18,0,2
2024-01-08 05:50:00,R105,107,69,88,33,4,1,1,1,0
2024-01-08 05:55:00,R104,36,52,31,70,2,2,18,1,0
2024-01-08 06:00:00,R101,71,66,36,64,3,2,22,0,0
2024-01-08 06:05:00,R102,153,66,64,93,4,0,14,1,0
2024-01-08 06:10:00,R105,88,63,41,128,4,2,7,1,0
2024-01-08 06:15:00,R102,156,54,69,81,3,2,23,0,0
2024-01-08 06:20:00,R101,40,46,92,83,2,0,7,0,0
2024-01-08 06:25:00,R105,43,57,37,138,4,1,0,0,0
2024-01-08 06:30:00,R102,23,63,37,94,4,1,13,1,0
2024-01-08 06:35:00,R103,171,57,83,105,3,0,10,1,0
2024-01-08 06:40:00,R101,22,15,93,62,4,0,6,1,2
2024-01-08 06:45:00,R101,87,43,34,119,4,1,17,0,0
2024-01-08 06:50:00,R101,120,72,94,69,4,1,14,1,0
2024-01-08 06:55:00,R103,187,57,87,60,2,0,9,0,0
2024-01-08 07:00:00,R103,195,32,95,130,2,0,3,1,1
2024-01-08 07:05:00,R104,73,22,35,82,3,0,20,0,0
2024-01-08 07:10:00,R102,54,56,84,16,2,2,0,1,0
2024-01-08 07:15:00,R104,75,53,80,84,4,0,13,0,0
2024-01-08 07:20:00,R102,127,41,26,28,2,2,19,0,0
2024-01-08 07:25:00,R103,59,35,91,79,4,1,19,0,1
2024-01-08 07:30:00,R103,87,62,16,65,4,1,8,0,0
2024-01-08 07:35:00,R104,65,23,65,147,2,0,12,1,1
2024-01-08 07:40:00,R105,97,61,73,89,2,0,16,1,0
2024-01-08 07:45:00,R104,160,45,29,118,2,1,23,1,0
2024-01-08 07:50:00,R102,174,17,47,44,2,1,19,1,1
2024-01-08 07:55:00,R104,25,49,84,81,3,1,3,1,0
2024-01-08 08:00:00,R101,36,31,67,101,2,1,4,0,1
2024-01-08 08:05:00,R102,183,25,25,12,3,0,17,1,0
2024-01-08 08:10:00,R102,118,69,60,75,4,2,16,1,0
2024-01-08 08:15:00,R105,100,69,36,61,3,1,20,0,0
2024-01-08 08:20:00,R103,21,19,60,102,4,1,6,1,1
2024-01-08 08:25:00,R102,96,34,84,56,3,2,9,1,1
2024-01-08 08:30:00,R103,199,40,25,12,3,0,8,1,0
2024-01-08 08:35:00,R104,85,30,96,93,4,2,12,0,1
2024-01-08 08:40:00,R101,71,42,69,43,3,0,17,0,1
2024-01-08 08:45:00,R105,111,40,85,59,4,0,11,1,1
2024-01-08 08:50:00,R103,190,30,49,42,2,0,7,0,1
2024-01-08 08:55:00,R102,41,45,76,82,4,0,22,1,0
2024-01-08 09:00:00,R103,130,74,11,12,3,0,17,0,0
2024-01-08 09:05:00,R102,126,13,57,11,2,1,4,0,1
2024-01-08 09:10:00,R103,86,77,61,141,3,0,6,1,0
2024-01-08 09:15:00,R102,159,13,33,25,2,1,14,0,0
2024-01-08 09:20:00,R104,88,18,93,42,4,0,2,1,2
2024-01-08 09:25:00,R102,103,39,91,18,2,1,17,0,1
2024-01-08 09:30:00,R102,122,54,87,66,2,2,5,1,0
2024-01-08 09:35:00,R101,58,13,91,49,2,2,5,0,2
2024-01-08 09:40:00,R102,32,78,11,61,3,1,19,1,0
2024-01-08 09:45:00,R101,60,32,74,25,2,0,0,1,1
2024-01-08 09:50:00,R105,76,25,29,145,4,1,20,1,0
2024-01-08 09:55:00,R101,31,31,43,96,4,1,16,1,1
2024-01-08 10:00:00,R104,32,57,50,69,4,0,10,0,0
2024-01-08 10:05:00,R101,139,71,50,12,2,2,23,1,0
2024-01-08 10:10:00,R105,116,69,84,24,4,1,1,0,0
2024-01-08 10:15:00,R104,76,14,32,111,3,2,8,0,0
2024-01-08 10:20:00,R103,59,16,47,32,4,2,18,1,1
2024-01-08 10:25:00,R103,137,60,53,140,2,2,5,1,0
2024-01-08 10:30:00,R101,99,74,76,26,4,1,6,1,0
2024-01-08 10:35:00,R101,147,18,71,123,2,1,3,1,2
2024-01-08 10:40:00,R105,192,54,21,67,2,0,2,0,0
2024-01-08 10:45:00,R105,54,56,39,119,4,0,1,1,0
2024-01-08 10:50:00,R102,22,76,96,144,3,1,9,1,0
2024-01-08 10:55:00,R105,139,33,74,87,3,0,9,1,1
2024-01-08 11:00:00,R102,24,19,50,53,4,2,16,1,1
2024-01-08 11:05:00,R104,30,57,29,21,2,2,15,0,0
2024-01-08 11:10:00,R101,145,44,15,17,4,1,0,0,0
2024-01-08 11:15:00,R104,90,63,84,89,2,2,11,0,0
2024-01-08 11:20:00,R105,136,25,13,50,2,1,19,1,0
2024-01-08 11:25:00,R104,157,62,19,55,2,1,19,0,0
2024-01-08 11:30:00,R104,125,49,60,38,3,1,9,1,0
2024-01-08 11:35:00,R104,135,29,47,25,3,2,0,0,1
2024-01-08 11:40:00,R105,181,78,10,142,4,1,15,1,0
2024-01-08 11:45:00,R104,86,54,17,14,3,1,10,0,0
2024-01-08 11:50:00,R102,50,15,90,39,2,0,3,1,2
2024-01-08 11:55:00,R105,94,78,92,126,2,2,2,1,0
2024-01-08 12:00:00,R104,90,58,72,14,4,1,12,0,0
2024-01-08 12:05:00,R105,85,48,42,58,2,0,20,1,0
2024-01-08 12:10:00,R103,89,11,24,98,4,1,14,0,0
2024-01-08 12:15:00,R102,60,48,40,59,4,2,9,0,0
2024-01-08 12:20:00,R104,179,30,30,23,2,0,5,0,0
2024-01-08 12:25:00,R103,39,49,12,117,3,0,10,1,0
2024-01-08 12:30:00,R103,197,63,75,55,2,1,0,0,0
2024-01-08 12:35:00,R105,172,21,44,91,2,1,19,1,1
2024-01-08 12:40:00,R103,159,46,50,135,4,2,3,1,0
2024-01-08 12:45:00,R102,58,47,68,93,3,2,9,0,0
2024-01-08 12:50:00,R102,164,24,25,43,4,1,21,0,0
2024-01-08 12:55:00,R101,64,16,65,80,2,0,14,1,1
2024-01-08 13:00:00,R102,158,59,54,69,4,2,0,1,0
2024-01-08 13:05:00,R103,89,74,68,83,4,2,20,0,0
2024-01-08 13:10:00,R102,144,76,59,90,2,0,14,1,0
2024-01-08 13:15:00,R105,170,53,94,148,4,1,2,1,0
2024-01-08 13:20:00,R101,110,40,21,107,2,2,0,1,0
2024-01-08 13:25:00,R103,89,52,21,100,4,0,5,0,0
2024-01-08 13:30:00,R101,185,57,42,104,3,2,18,0,0
2024-01-08 13:35:00,R103,149,70,93,141,2,0,3,0,0
2024-01-08 13:40:00,R105,103,19,58,69,3,2,11,1,1
2024-01-08 13:45:00,R101,108,38,30,122,4,1,1,0,0
2024-01-08 13:50:00,R104,98,57,69,90,3,0,16,0,0
2024-01-08 13:55:00,R103,132,71,61,93,3,2,5,1,0
2024-01-08 14:00:00,R104,112,22,63,34,3,2,11,0,1
2024-01-08 14:05:00,R101,91,53,48,42,4,0,14,0,0
2024-01-08 14:10:00,R104,184,56,58,28,2,0,16,0,0
2024-01-08 14:15:00,R104,68,73,73,66,4,1,0,1,0
2024-01-08 14:20:00,R101,71,62,95,24,4,0,13,1,0
2024-01-08 14:25:00,R105,52,53,35,50,4,2,22,0,0
2024-01-08 14:30:00,R104,41,37,80,69,2,1,1,1,1
2024-01-08 14:35:00,R104,133,11,16,118,4,0,3,0,0
2024-01-08 14:40:00,R105,152,66,81,105,4,2,19,0,0
2024-01-08 14:45:00,R104,37,66,71,31,2,0,1,0,0
2024-01-08 14:50:00,R104,185,43,99,35,2,2,21,0,1
2024-01-08 14:55:00,R104,137,67,97,142,2,2,13,1,0
2024-01-08 15:00:00,R102,136,61,33,134,3,1,17,0,0
2024-01-08 15:05:00,R105,56,38,49,106,2,1,7,1,1
2024-01-08 15:10:00,R104,83,44,85,142,3,0,19,1,1
2024-01-08 15:15:00,R105,157,57,56,80,3,1,0,0,0
2024-01-08 15:20:00,R103,98,42,17,27,4,0,15,0,0
2024-01-08 15:25:00,R103,189,18,63,104,3,1,6,0,1
2024-01-08 15:30:00,R104,142,57,18,143,4,1,5,0,0
2024-01-08 15:35:00,R105,195,76,12,75,3,0,21,1,0
2024-01-08 15:40:00,R105,63,45,63,136,2,1,18,1,0
2024-01-08 15:45:00,R105,101,53,30,51,4,1,9,1,0
2024-01-08 15:50:00,R102,106,69,57,126,3,1,22,1,0
2024-01-08 15:55:00,R103,35,72,56,20,4,1,5,0,0
2024-01-08 16:00:00,R105,73,14,97,35,2,0,9,0,2
2024-01-08 16:05:00,R105,121,49,77,65,3,2,18,1,0
2024-01-08 16:10:00,R102,182,28,93,127,3,0,2,1,1
2024-01-08 16:15:00,R102,117,56,72,66,2,0,19,1,0
2024-01-08 16:20:00,R105,175,74,25,14,3,0,2,0,0
2024-01-08 16:25:00,R101,21,76,83,23,3,1,19,0,0
2024-01-08 16:30:00,R105,113,27,99,33,4,1,5,1,1
2024-01-08 16:35:00,R105,160,59,14,77,3,2,16,0,0
2024-01-08 16:40:00,R102,188,39,20,57,2,1,17,1,0
2024-01-08 16:45:00,R102,78,75,38,69,3,2,9,1,0
2024-01-08 16:50:00,R105,88,14,88,12,4,2,5,0,2
2024-01-08 16:55:00,R105,138,51,79,128,3,1,12,0,0
2024-01-08 17:00:00,R105,111,14,57,146,4,2,5,1,1
2024-01-08 17:05:00,R102,64,59,24,109,3,0,11,0,0
2024-01-08 17:10:00,R105,167,67,93,92,4,0,13,0,0
2024-01-08 17:15:00,R105,43,17,43,33,4,0,16,0,1
2024-01-08 17:20:00,R104,110,40,69,141,3,2,21,0,1
2024-01-08 17:25:00,R101,113,21,71,146,2,2,7,0,2
2024-01-08 17:30:00,R103,77,30,11,10,2,0,4,0,0
2024-01-08 17:35:00,R101,174,71,89,125,3,1,3,1,0
2024-01-08 17:40:00,R104,173,42,28,149,3,0,5,1,0
2024-01-08 17:45:00,R103,147,35,58,19,3,1,10,1,1
2024-01-08 17:50:00,R105,26,49,87,138,3,1,4,1,0
2024-01-08 17:55:00,R104,189,74,97,88,3,2,21,0,0
2024-01-08 18:00:00,R105,66,68,37,108,2,2,13,1,0
2024-01-08 18:05:00,R102,72,24,57,142,4,1,9,0,1
2024-01-08 18:10:00,R104,57,10,46,54,4,1,10,1,1
2024-01-08 18:15:00,R102,72,20,83,127,2,1,2,1,2
2024-01-08 18:20:00,R104,162,64,58,61,2,2,22,0,0
2024-01-08 18:25:00,R104,173,11,57,121,4,0,7,0,1
2024-01-08 18:30:00,R102,67,74,82,144,2,1,20,1,0
2024-01-08 18:35:00,R103,114,53,97,121,3,2,4,0,0
2024-01-08 18:40:00,R101,166,25,38,22,2,0,19,0,0
2024-01-08 18:45:00,R105,156,31,69,26,2,2,20,0,1
2024-01-08 18:50:00,R104,83,27,38,53,2,0,9,0,0
2024-01-08 18:55:00,R105,112,56,67,82,2,2,7,1,0
2024-01-08 19:00:00,R102,144,39,57,14,4,0,20,0,1
2024-01-08 19:05:00,R105,198,19,32,42,4,1,8,1,0
2024-01-08 19:10:00,R102,58,67,36,141,4,2,14,1,0
2024-01-08 19:15:00,R105,23,71,16,77,4,0,0,1,0
2024-01-08 19:20:00,R101,145,15,58,25,3,0,22,1,1
2024-01-08 19:25:00,R101,22,76,63,45,3,0,4,1,0
2024-01-08 19:30:00,R101,83,50,77,111,4,1,14,1,0
2024-01-08 19:35:00,R101,48,52,87,34,4,2,3,1,0
2024-01-08 19:40:00,R101,135,27,51,81,4,0,18,0,1
2024-01-08 19:45:00,R101,30,67,83,90,2,1,9,1,0
2024-01-08 19:50:00,R102,116,69,68,70,3,1,22,0,0
2024-01-08 19:55:00,R104,121,36,53,27,3,1,1,0,1
2024-01-08 20:00:00,R105,174,77,35,67,2,1,4,1,0
2024-01-08 20:05:00,R101,40,31,32,85,2,1,17,1,0
2024-01-08 20:10:00,R102,58,33,82,130,2,1,22,1,1
2024-01-08 20:15:00,R102,121,49,17,66,3,1,5,0,0
2024-01-08 20:20:00,R102,65,75,62,106,2,2,9,0,0
2024-01-08 20:25:00,R104,85,49,23,72,2,2,14,0,0
2024-01-08 20:30:00,R105,110,15,80,21,2,1,22,1,2
2024-01-08 20:35:00,R104,183,27,16,20,4,0,8,0,0
2024-01-08 20:40:00,R103,130,39,18,36,2,0,12,1,0
2024-01-08 20:45:00,R102,101,30,12,113,4,0,17,0,0
2024-01-08 20:50:00,R103,142,71,87,76,3,1,6,1,0
2024-01-08 20:55:00,R101,118,19,26,98,3,0,1,1,0
2024-01-08 21:00:00,R101,54,22,53,54,3,2,15,1,1
2024-01-08 21:05:00,R104,178,18,95,90,4,2,1,0,2
2024-01-08 21:10:00,R105,175,77,55,76,2,2,3,0,0
2024-01-08 21:15:00,R103,122,48,99,111,3,2,1,0,0
2024-01-08 21:20:00,R105,148,33,67,100,2,1,16,0,1
2024-01-08 21:25:00,R104,44,43,37,51,4,2,5,0,0
2024-01-08 21:30:00,R101,62,70,23,29,3,0,9,1,0
2024-01-08 21:35:00,R105,103,50,18,57,2,0,13,1,0
2024-01-08 21:40:00,R105,70,14,35,27,2,2,14,1,0
2024-01-08 21:45:00,R101,149,59,11,137,3,2,20,1,0
2024-01-08 21:50:00,R103,145,13,84,86,2,2,11,0,2
2024-01-08 21:55:00,R101,88,60,90,15,4,0,18,0,0
2024-01-08 22:00:00,R105,28,61,43,48,3,0,10,1,0
2024-01-08 22:05:00,R103,21,48,28,20,3,2,0,1,0
2024-01-08 22:10:00,R103,181,17,48,121,3,0,7,0,1
2024-01-08 22:15:00,R101,178,54,91,117,3,0,21,0,0
2024-01-08 22:20:00,R105,29,37,22,103,4,1,5,1,0
2024-01-08 22:25:00,R104,133,36,14,64,4,2,11,1,0
2024-01-08 22:30:00,R105,95,74,59,93,2,2,19,0,0
2024-01-08 22:35:00,R102,183,43,32,67,4,1,15,0,0
2024-01-08 22:40:00,R104,104,71,97,46,2,1,17,0,0
2024-01-08 22:45:00,R103,68,71,38,25,2,0,11,1,0
2024-01-08 22:50:00,R104,89,47,81,79,3,1,19,1,0
2024-01-08 22:55:00,R103,196,35,35,102,2,2,1,0,0
2024-01-08 23:00:00,R103,150,33,88,27,3,2,6,1,1
2024-01-08 23:05:00,R104,152,48,66,139,2,2,8,1,0
2024-01-08 23:10:00,R103,109,30,10,147,4,0,17,0,0
2024-01-08 23:15:00,R103,45,56,37,55,3,0,8,1,0
2024-01-08 23:20:00,R102,91,57,71,28,2,2,7,1,0
2024-01-08 23:25:00,R105,24,22,56,47,4,2,0,1,1
2024-01-08 23:30:00,R105,34,12,87,46,4,0,4,0,2
2024-01-08 23:35:00,R102,142,41,68,121,3,0,15,0,1
2024-01-08 23:40:00,R104,163,44,40,54,3,1,13,1,0
2024-01-08 23:45:00,R101,20,28,79,126,3,0,12,1,1
2024-01-08 23:50:00,R101,163,23,58,139,2,0,10,1,1
2024-01-08 23:55:00,R101,184,57,14,53,3,2,19,1,0
2024-01-09 00:00:00,R102,22,77,40,106,4,2,22,0,0
2024-01-09 00:05:00,R102,199,54,46,92,4,2,12,1,0
2024-01-09 00:10:00,R103,66,28,88,133,3,1,14,1,1
2024-01-09 00:15:00,R101,114,73,24,133,3,0,23,1,0
2024-01-09 00:20:00,R104,32,75,61,36,4,1,15,1,0
2024-01-09 00:25:00,R104,139,75,78,57,2,0,12,0,0
2024-01-09 00:30:00,R101,74,54,20,103,4,0,7,1,0
2024-01-09 00:35:00,R101,168,76,52,16,4,2,17,0,0
2024-01-09 00:40:00,R101,85,78,79,94,4,0,18,0,0
2024-01-09 00:45:00,R102,174,12,32,121,3,1,14,1,0
2024-01-09 00:50:00,R102,185,47,49,98,2,2,9,0,0
2024-01-09 00:55:00,R102,109,51,72,137,2,1,22,0,0
2024-01-09 01:00:00,R105,81,49,11,27,3,1,3,0,0
2024-01-09 01:05:00,R104,121,59,88,42,4,2,5,1,0
2024-01-09 01:10:00,R104,193,44,96,105,3,0,7,0,1
2024-01-09 01:15:00,R103,158,33,95,131,3,1,23,0,1
2024-01-09 01:20:00,R102,27,26,82,34,2,0,6,1,1
2024-01-09 01:25:00,R105,116,49,56,13,2,2,11,0,0
2024-01-09 01:30:00,R105,136,75,39,117,3,0,17,1,0
2024-01-09 01:35:00,R104,83,53,25,91,3,0,17,1,0
2024-01-09 01:40:00,R102,40,32,68,19,2,2,18,1,1
2024-01-09 01:45:00,R103,134,15,56,44,2,0,3,1,1
2024-01-09 01:50:00,R102,104,75,39,108,4,1,0,1,0
2024-01-09 01:55:00,R101,39,30,18,113,3,1,4,0,0
2024-01-09 02:00:00,R102,27,44,74,32,4,1,6,1,1
2024-01-09 02:05:00,R101,77,38,68,74,4,0,10,0,1
2024-01-09 02:10:00,R101,65,16,73,91,4,1,20,0,2
2024-01-09 02:15:00,R103,50,62,17,26,2,0,22,1,0
2024-01-09 02:20:00,R104,112,46,61,137,4,0,20,0,0
2024-01-09 02:25:00,R102,28,32,27,40,2,0,10,0,0
2024-01-09 02:30:00,R101,34,17,91,74,2,0,9,1,2
2024-01-09 02:35:00,R102,113,57,67,89,2,2,23,1,0
2024-01-09 02:40:00,R104,173,19,58,101,3,1,6,1,1
2024-01-09 02:45:00,R104,157,33,41,39,4,1,15,0,1
2024-01-09 02:50:00,R105,48,56,57,132,2,0,0,0,0
2024-01-09 02:55:00,R104,99,62,54,140,3,2,0,0,0
2024-01-09 03:00:00,R103,55,48,63,79,3,0,11,0,0
2024-01-09 03:05:00,R101,103,76,94,38,3,1,15,1,0
2024-01-09 03:10:00,R105,128,75,55,12,2,1,4,0,0
2024-01-09 03:15:00,R103,137,15,40,84,2,2,13,0,0
2024-01-09 03:20:00,R102,56,30,46,54,2,0,17,1,1
2024-01-09 03:25:00,R101,105,45,25,78,3,2,8,0,0
2024-01-09 03:30:00,R104,90,12,55,120,2,0,1,1,1
2024-01-09 03:35:00,R101,170,51,55,93,4,2,11,0,0
2024-01-09 03:40:00,R102,188,54,87,61,2,1,9,1,0
2024-01-09 03:45:00,R105,112,53,97,125,2,2,1,0,0
2024-01-09 03:50:00,R105,99,42,98,112,4,1,14,1,1
2024-01-09 03:55:00,R105,121,69,70,89,2,1,3,0,0
2024-01-09 04:00:00,R104,175,79,55,38,2,0,18,0,0
2024-01-09 04:05:00,R103,195,35,60,111,2,2,21,1,1
2024-01-09 04:10:00,R103,185,30,71,68,2,2,3,1,1
2024-01-09 04:15:00,R101,178,11,44,21,3,2,8,1,1
2024-01-09 04:20:00,R104,33,56,90,19,2,2,12,0,0
2024-01-09 04:25:00,R105,136,39,51,143,4,0,9,1,1
2024-01-09 04:30:00,R105,92,36,54,144,4,0,13,1,1
2024-01-09 04:35:00,R102,110,29,77,40,3,0,2,0,1
2024-01-09 04:40:00,R102,109,59,84,100,2,1,2,1,0
2024-01-09 04:45:00,R105,48,32,56,12,4,1,19,1,1
2024-01-09 04:50:00,R105,198,22,88,113,3,1,15,1,2
2024-01-09 04:55:00,R104,68,13,39,135,2,0,8,0,0
2024-01-09 05:00:00,R103,190,23,33,10,3,1,13,0,0
2024-01-09 05:05:00,R102,91,29,75,144,2,2,21,0,1
2024-01-09 05:10:00,R103,152,22,52,24,3,1,15,1,1
2024-01-09 05:15:00,R104,61,12,43,98,3,0,8,0,1
2024-01-09 05:20:00,R105,154,56,32,131,4,0,23,0,0
2024-01-09 05:25:00,R103,61,12,70,125,4,0,22,0,1
2024-01-09 05:30:00,R105,183,10,46,45,3,0,4,1,1
2024-01-09 05:35:00,R105,124,33,22,76,2,2,12,0,0
2024-01-09 05:40:00,R101,46,44,80,142,2,1,14,0,1
2024-01-09 05:45:00,R103,77,23,16,34,2,1,3,0,0
2024-01-09 05:50:00,R103,65,76,51,20,2,0,13,0,0
2024-01-09 05:55:00,R105,85,22,47,75,2,1,19,1,1
2024-01-09 06:00:00,R104,44,56,61,69,4,2,23,0,0
2024-01-09 06:05:00,R101,92,59,53,147,3,0,19,0,0
2024-01-09 06:10:00,R105,136,35,73,59,4,1,6,0,1
2024-01-09 06:15:00,R102,174,12,22,72,2,1,3,1,0
2024-01-09 06:20:00,R102,148,60,97,101,3,1,16,1,0
2024-01-09 06:25:00,R101,106,49,37,47,2,1,8,0,0
2024-01-09 06:30:00,R104,93,77,91,129,2,0,3,1,0
2024-01-09 06:35:00,R105,189,45,10,42,3,0,2,0,0
2024-01-09 06:40:00,R103,199,60,52,84,2,2,18,1,0
2024-01-09 06:45:00,R101,172,10,51,54,4,0,8,1,1
2024-01-09 06:50:00,R104,144,42,59,138,4,1,7,0,1
2024-01-09 06:55:00,R103,86,16,69,62,4,1,6,1,1
2024-01-09 07:00:00,R102,25,61,10,76,2,1,6,1,0
2024-01-09 07:05:00,R102,144,20,60,114,4,2,3,0,1
2024-01-09 07:10:00,R103,77,36,25,23,2,0,18,0,0
2024-01-09 07:15:00,R101,89,23,48,133,2,0,11,1,1
2024-01-09 07:20:00,R102,72,55,24,129,4,0,19,1,0
2024-01-09 07:25:00,R105,85,19,42,145,4,1,5,1,1
2024-01-09 07:30:00,R103,77,33,96,45,2,1,11,1,1
2024-01-09 07:35:00,R103,101,70,62,137,2,1,19,0,0
2024-01-09 07:40:00,R102,106,27,26,143,2,2,3,1,0
2024-01-09 07:45:00,R101,21,18,98,106,2,2,1,0,2
2024-01-09 07:50:00,R105,169,26,15,90,4,1,14,0,0
2024-01-09 07:55:00,R101,56,67,40,82,2,2,22,0,0
2024-01-09 08:00:00,R104,167,22,78,80,2,2,5,1,2
2024-01-09 08:05:00,R104,122,59,49,55,2,2,17,1,0
2024-01-09 08:10:00,R102,43,15,39,69,2,0,20,0,0
2024-01-09 08:15:00,R102,131,60,78,69,2,2,21,0,0
2024-01-09 08:20:00,R102,84,45,85,14,3,1,4,0,0
2024-01-09 08:25:00,R104,148,34,16,144,3,0,3,0,0
2024-01-09 08:30:00,R101,136,20,22,68,3,2,10,0,0
2024-01-09 08:35:00,R101,135,53,13,18,4,1,10,1,0
2024-01-09 08:40:00,R102,124,23,59,54,2,2,8,1,1
2024-01-09 08:45:00,R105,22,38,12,89,4,1,2,1,0
2024-01-09 08:50:00,R101,65,59,21,22,2,1,10,1,0
2024-01-09 08:55:00,R104,74,14,74,92,3,2,1,0,2
2024-01-09 09:00:00,R103,94,78,36,21,2,2,8,0,0
2024-01-09 09:05:00,R103,64,66,59,19,4,0,23,1,0
2024-01-09 09:10:00,R103,173,35,86,25,4,2,9,0,1
2024-01-09 09:15:00,R105,96,15,26,101,2,1,10,0,0
2024-01-09 09:20:00,R102,43,25,81,28,4,0,2,0,1
2024-01-09 09:25:00,R104,54,69,41,113,3,1,16,1,0
2024-01-09 09:30:00,R105,43,21,93,143,2,1,10,1,2
2024-01-09 09:35:00,R104,47,12,60,141,3,2,16,1,1
2024-01-09 09:40:00,R104,35,72,26,112,3,1,18,1,0
2024-01-09 09:45:00,R102,78,73,43,104,4,2,3,1,0
2024-01-09 09:50:00,R103,163,71,44,36,2,1,1,1,0
2024-01-09 09:55:00,R102,34,15,33,46,3,0,23,0,0
2024-01-09 10:00:00,R105,30,28,63,146,3,2,13,1,1
2024-01-09 10:05:00,R105,98,27,27,70,2,0,14,0,0
2024-01-09 10:10:00,R105,134,52,59,44,4,2,2,1,0
2024-01-09 10:15:00,R102,87,12,55,115,3,0,19,1,1
2024-01-09 10:20:00,R104,62,47,57,56,2,2,21,0,0
2024-01-09 10:25:00,R104,88,77,42,64,2,0,12,1,0
2024-01-09 10:30:00,R101,160,53,96,97,3,0,21,0,0
2024-01-09 10:35:00,R105,157,72,98,104,3,2,12,1,0
2024-01-09 10:40:00,R104,94,51,36,15,3,2,17,0,0
2024-01-09 10:45:00,R101,122,73,10,130,4,1,21,1,0
2024-01-09 10:50:00,R104,60,63,94,59,4,1,19,0,0
2024-01-09 10:55:00,R105,197,46,68,22,2,2,20,1,0
2024-01-09 11:00:00,R103,78,13,19,34,2,2,6,0,0
2024-01-09 11:05:00,R105,58,11,34,132,3,0,22,1,0
2024-01-09 11:10:00,R102,22,53,93,138,2,0,15,1,0
2024-01-09 11:15:00,R104,26,76,66,58,4,1,15,1,0
2024-01-09 11:20:00,R104,68,77,75,131,2,1,21,1,0
2024-01-09 11:25:00,R102,45,71,24,44,2,1,5,1,0
2024-01-09 11:30:00,R102,180,10,37,92,3,0,5,1,0
2024-01-09 11:35:00,R103,120,26,22,62,3,0,3,0,0
2024-01-09 11:40:00,R104,195,25,23,85,4,0,2,0,0
2024-01-09 11:45:00,R104,98,18,75,113,2,1,0,0,2
2024-01-09 11:50:00,R103,21,62,43,56,2,2,2,0,0
2024-01-09 11:55:00,R101,146,68,34,52,2,1,18,0,0
2024-01-09 12:00:00,R103,179,18,63,102,3,0,8,0,1
2024-01-09 12:05:00,R105,151,21,88,87,4,1,13,1,2
2024-01-09 12:10:00,R104,39,50,21,16,2,1,18,1,0
2024-01-09 12:15:00,R102,136,24,18,79,2,1,23,1,0
2024-01-09 12:20:00,R105,183,75,40,45,2,1,23,0,0
2024-01-09 12:25:00,R104,51,20,87,113,2,0,18,1,2
2024-01-09 12:30:00,R103,47,17,62,63,4,1,12,0,1
2024-01-09 12:35:00,R105,96,64,52,34,4,0,21,0,0
2024-01-09 12:40:00,R104,20,15,47,76,4,1,15,0,1
2024-01-09 12:45:00,R101,75,62,51,118,3,0,7,1,0
2024-01-09 12:50:00,R101,54,29,81,57,2,2,23,1,1
2024-01-09 12:55:00,R102,131,48,57,100,2,0,15,0,0
2024-01-09 13:00:00,R104,49,43,76,11,2,0,8,1,1
2024-01-09 13:05:00,R101,73,66,75,143,2,2,8,1,0
2024-01-09 13:10:00,R103,55,28,25,136,4,2,23,0,0
2024-01-09 13:15:00,R104,99,40,92,55,3,2,22,1,1
2024-01-09 13:20:00,R103,77,49,25,115,3,2,2,1,0
2024-01-09 13:25:00,R103,102,23,40,49,2,2,6,0,0
2024-01-09 13:30:00,R101,84,46,67,67,4,2,19,0,0
2024-01-09 13:35:00,R104,88,53,37,87,3,1,17,1,0
2024-01-09 13:40:00,R105,147,18,13,42,3,1,23,1,0
2024-01-09 13:45:00,R101,70,67,19,71,2,2,1,1,0
2024-01-09 13:50:00,R101,41,29,60,21,3,0,0,0,1
2024-01-09 13:55:00,R104,126,59,27,135,2,0,11,0,0
2024-01-09 14:00:00,R104,128,29,56,58,4,2,15,0,1
2024-01-09 14:05:00,R103,135,45,41,97,2,1,11,1,0
2024-01-09 14:10:00,R104,120,36,39,87,3,1,20,1,0
2024-01-09 14:15:00,R103,119,41,45,14,2,0,9,0,1
2024-01-09 14:20:00,R101,183,10,18,78,2,2,8,0,0
2024-01-09 14:25:00,R102,87,26,45,120,2,1,20,0,1
2024-01-09 14:30:00,R105,55,18,38,69,2,2,17,1,0
2024-01-09 14:35:00,R101,199,54,25,55,2,2,3,1,0
2024-01-09 14:40:00,R104,197,75,30,22,2,0,7,1,0
2024-01-09 14:45:00,R105,188,41,73,117,3,2,22,1,1
2024-01-09 14:50:00,R102,165,54,75,121,2,2,20,0,0
2024-01-09 14:55:00,R102,41,18,68,109,3,0,3,1,1
2024-01-09 15:00:00,R103,85,39,37,122,2,1,15,1,0
2024-01-09 15:05:00,R105,40,47,64,106,4,2,20,0,0
2024-01-09 15:10:00,R103,119,69,40,60,2,0,22,0,0
2024-01-09 15:15:00,R101,147,10,42,127,3,1,20,0,1
2024-01-09 15:20:00,R105,63,14,96,45,3,2,7,1,2
2024-01-09 15:25:00,R101,122,72,69,90,4,1,6,0,0
2024-01-09 15:30:00,R103,66,45,50,112,2,0,22,1,0
2024-01-09 15:35:00,R105,58,74,90,43,4,2,23,0,0
2024-01-09 15:40:00,R103,48,33,55,149,2,0,12,1,1
2024-01-09 15:45:00,R105,73,13,58,142,2,0,7,1,1
2024-01-09 15:50:00,R103,109,77,74,57,3,2,21,0,0
2024-01-09 15:55:00,R102,104,34,51,113,4,0,6,0,1
2024-01-09 16:00:00,R103,36,16,32,100,4,1,23,1,0
2024-01-09 16:05:00,R102,99,22,36,133,3,0,4,0,0
2024-01-09 16:10:00,R103,178,77,98,49,3,2,17,1,0
2024-01-09 16:15:00,R105,92,52,41,35,4,2,22,0,0
2024-01-09 16:20:00,R105,68,66,92,105,3,1,18,1,0
2024-01-09 16:25:00,R105,120,45,97,148,2,2,9,1,0
2024-01-09 16:30:00,R104,21,23,12,89,4,0,10,0,0
2024-01-09 16:35:00,R101,195,36,69,66,4,0,7,1,1
2024-01-09 16:40:00,R105,161,46,85,120,3,2,5,1,0
2024-01-09 16:45:00,R102,78,34,88,85,2,1,10,1,1
2024-01-09 16:50:00,R105,116,76,26,38,4,1,15,1,0
2024-01-09 16:55:00,R104,118,13,41,139,4,2,3,0,1
2024-01-09 17:00:00,R102,122,25,16,11,2,0,1,1,0
2024-01-09 17:05:00,R104,198,28,92,12,3,2,12,1,1
2024-01-09 17:10:00,R102,21,38,80,81,3,2,6,0,1
2024-01-09 17:15:00,R103,60,60,78,20,3,1,16,0,0
2024-01-09 17:20:00,R101,142,27,67,13,3,0,22,1,1
2024-01-09 17:25:00,R101,101,67,49,146,2,1,12,1,0
2024-01-09 17:30:00,R104,163,53,94,97,2,1,9,1,0
2024-01-09 17:35:00,R101,151,25,57,122,4,0,12,0,1
2024-01-09 17:40:00,R104,159,74,60,25,4,0,9,1,0
2024-01-09 17:45:00,R104,48,11,66,95,2,0,6,1,1
2024-01-09 17:50:00,R104,154,65,80,19,4,2,9,0,0
2024-01-09 17:55:00,R101,33,37,46,33,2,0,15,1,1
2024-01-09 18:00:00,R104,31,74,96,73,3,2,2,0,0
2024-01-09 18:05:00,R101,118,14,84,65,2,1,3,1,2
2024-01-09 18:10:00,R104,152,31,83,98,2,0,3,0,1
2024-01-09 18:15:00,R105,100,22,94,31,4,2,3,1,2
2024-01-09 18:20:00,R104,125,74,64,59,2,2,15,1,0
2024-01-09 18:25:00,R102,51,25,50,56,3,2,8,0,1
2024-01-09 18:30:00,R104,93,73,29,32,3,2,5,0,0
2024-01-09 18:35:00,R103,190,41,42,92,4,1,9,1,1
2024-01-09 18:40:00,R104,100,60,49,28,4,0,3,0,0
2024-01-09 18:45:00,R102,88,67,43,38,2,0,22,0,0
2024-01-09 18:50:00,R102,64,55,71,70,4,0,11,0,0
2024-01-09 18:55:00,R101,125,61,28,94,3,0,9,1,0
2024-01-09 19:00:00,R105,156,72,52,44,4,0,11,1,0
2024-01-09 19:05:00,R104,196,69,78,14,4,0,18,0,0
2024-01-09 19:10:00,R101,180,74,72,85,3,2,18,0,0
2024-01-09 19:15:00,R105,119,64,19,16,2,0,21,0,0
2024-01-09 19:20:00,R104,165,66,22,139,2,2,23,1,0
2024-01-09 19:25:00,R103,28,35,14,147,4,1,0,0,0
2024-01-09 19:30:00,R104,81,21,67,111,3,2,3,0,1
2024-01-09 19:35:00,R102,48,55,68,53,3,1,12,1,0
2024-01-09 19:40:00,R102,144,56,85,79,3,0,7,0,0
2024-01-09 19:45:00,R103,133,47,68,100,2,1,21,1,0
2024-01-09 19:50:00,R101,172,30,86,71,3,1,13,1,1
2024-01-09 19:55:00,R105,162,23,95,29,3,2,15,0,2
2024-01-09 20:00:00,R104,153,11,24,81,2,2,1,1,0
2024-01-09 20:05:00,R102,139,79,86,129,3,1,7,1,0
2024-01-09 20:10:00,R101,189,42,10,104,2,1,12,1,0
2024-01-09 20:15:00,R103,176,15,47,136,4,0,0,1,1
2024-01-09 20:20:00,R102,98,46,62,122,4,2,11,0,0
2024-01-09 20:25:00,R103,112,23,61,116,4,1,16,1,1
2024-01-09 20:30:00,R104,23,46,10,89,4,2,6,0,0
2024-01-09 20:35:00,R105,101,17,20,37,4,0,15,1,0
2024-01-09 20:40:00,R102,196,22,67,148,2,0,13,1,1
2024-01-09 20:45:00,R102,191,49,49,39,2,1,9,0,0
2024-01-09 20:50:00,R104,94,67,95,18,2,0,2,1,0
2024-01-09 20:55:00,R101,33,27,69,68,3,1,11,0,1
2024-01-09 21:00:00,R105,150,66,53,88,4,2,7,1,0
2024-01-09 21:05:00,R102,133,47,15,112,3,2,15,1,0
2024-01-09 21:10:00,R105,81,41,37,123,3,1,23,0,0
2024-01-09 21:15:00,R102,125,75,40,56,3,1,0,1,0
2024-01-09 21:20:00,R105,83,34,17,107,4,1,16,1,0
2024-01-09 21:25:00,R103,121,67,14,51,3,2,5,0,0
2024-01-09 21:30:00,R102,192,42,63,56,4,2,0,1,1
2024-01-09 21:35:00,R105,125,75,26,83,4,0,23,1,0
2024-01-09 21:40:00,R101,39,39,47,60,4,0,14,1,1
2024-01-09 21:45:00,R103,77,43,18,103,3,2,12,1,0
2024-01-09 21:50:00,R103,131,78,83,129,4,2,5,1,0
2024-01-09 21:55:00,R101,76,57,93,84,4,1,20,0,0
2024-01-09 22:00:00,R105,138,49,87,132,2,2,12,0,0
2024-01-09 22:05:00,R104,116,60,23,131,3,2,21,1,0
2024-01-09 22:10:00,R101,111,22,35,30,2,0,3,1,0
2024-01-09 22:15:00,R105,71,40,71,10,2,0,0,1,1
2024-01-09 22:20:00,R101,56,48,34,78,3,1,22,0,0
2024-01-09 22:25:00,R101,27,72,89,95,2,0,9,1,0
2024-01-09 22:30:00,R102,63,57,45,80,4,1,3,1,0
2024-01-09 22:35:00,R105,117,57,89,22,2,2,12,1,0
2024-01-09 22:40:00,R104,152,70,42,32,2,2,3,1,0
2024-01-09 22:45:00,R102,137,21,12,15,4,1,15,0,0
2024-01-09 22:50:00,R101,88,65,96,85,2,0,8,1,0
2024-01-09 22:55:00,R101,178,27,20,18,4,0,3,1,0
2024-01-09 23:00:00,R101,64,36,67,37,3,2,19,1,1
2024-01-09 23:05:00,R105,156,37,73,148,2,0,7,1,1
2024-01-09 23:10:00,R105,51,61,27,125,3,1,3,1,0
2024-01-09 23:15:00,R102,52,25,56,105,2,2,8,1,1
2024-01-09 23:20:00,R104,145,67,53,84,4,0,10,1,0
2024-01-09 23:25:00,R102,86,18,68,97,2,2,23,0,1
2024-01-09 23:30:00,R103,49,35,59,65,3,2,4,1,1
2024-01-09 23:35:00,R101,133,37,78,114,4,0,8,0,1
2024-01-09 23:40:00,R101,48,45,97,44,4,1,7,0,0
2024-01-09 23:45:00,R101,150,18,38,34,3,0,3,1,0
2024-01-09 23:50:00,R102,49,56,99,122,3,0,19,1,0
2024-01-09 23:55:00,R102,156,60,76,108,2,0,0,1,0
2024-01-10 00:00:00,R101,173,66,11,40,2,0,19,0,0
2024-01-10 00:05:00,R102,149,41,34,90,4,0,12,0,0
2024-01-10 00:10:00,R105,81,76,28,59,3,0,23,0,0
2024-01-10 00:15:00,R105,22,66,49,96,3,1,4,1,0
2024-01-10 00:20:00,R102,193,63,11,56,2,2,21,1,0
2024-01-10 00:25:00,R101,87,25,92,10,2,1,19,0,1
2024-01-10 00:30:00,R102,44,71,74,134,4,0,20,0,0
2024-01-10 00:35:00,R102,198,65,71,147,3,1,9,1,0
2024-01-10 00:40:00,R102,160,32,63,145,3,2,15,0,1
2024-01-10 00:45:00,R103,63,26,54,115,3,1,7,0,1
2024-01-10 00:50:00,R105,182,47,58,134,3,0,11,0,0
2024-01-10 00:55:00,R104,74,39,78,28,2,2,2,0,1
2024-01-10 01:00:00,R104,156,67,47,81,2,0,3,0,0
2024-01-10 01:05:00,R103,149,31,13,138,2,0,16,0,0
2024-01-10 01:10:00,R102,60,26,26,33,4,2,20,0,0
2024-01-10 01:15:00,R103,191,24,62,93,3,2,19,1,1
2024-01-10 01:20:00,R103,83,57,94,129,2,0,21,0,0
2024-01-10 01:25:00,R101,50,41,62,78,3,1,21,1,1
2024-01-10 01:30:00,R105,66,49,40,115,2,2,12,1,0
2024-01-10 01:35:00,R104,149,66,31,78,4,1,5,0,0
2024-01-10 01:40:00,R102,115,67,20,20,2,1,2,1,0
2024-01-10 01:45:00,R104,96,25,43,112,4,2,13,0,1
2024-01-10 01:50:00,R104,129,37,24,22,3,1,6,1,0
2024-01-10 01:55:00,R105,88,10,19,10,2,2,2,1,0
2024-01-10 02:00:00,R104,77,50,62,11,2,2,5,0,0
2024-01-10 02:05:00,R104,125,57,57,118,2,2,12,1,0
2024-01-10 02:10:00,R103,63,40,40,13,3,2,13,0,0
2024-01-10 02:15:00,R105,93,45,46,66,4,1,14,1,0
2024-01-10 02:20:00,R101,75,42,37,122,4,1,15,0,0
2024-01-10 02:25:00,R102,190,42,40,32,2,2,0,0,0
2024-01-10 02:30:00,R104,146,32,79,133,3,2,14,1,1
2024-01-10 02:35:00,R102,181,69,23,126,4,2,23,0,0
2024-01-10 02:40:00,R101,49,39,96,139,4,2,6,0,1
2024-01-10 02:45:00,R102,90,54,25,96,4,0,8,1,0
2024-01-10 02:50:00,R101,137,48,34,134,4,1,14,0,0
2024-01-10 02:55:00,R103,74,54,48,120,4,1,13,1,0
2024-01-10 03:00:00,R104,86,21,75,16,2,2,18,1,2
2024-01-10 03:05:00,R101,160,41,47,53,2,0,23,1,1
2024-01-10 03:10:00,R102,22,65,50,122,2,0,17,0,0
2024-01-10 03:15:00,R104,45,33,49,13,4,0,8,1,1
2024-01-10 03:20:00,R103,76,22,73,127,4,2,0,0,2
2024-01-10 03:25:00,R104,145,29,98,32,4,0,11,1,1
2024-01-10 03:30:00,R101,171,65,25,99,2,2,9,1,0
2024-01-10 03:35:00,R103,72,62,91,101,4,0,6,1,0
2024-01-10 03:40:00,R102,62,77,86,60,2,2,13,0,0
2024-01-10 03:45:00,R103,68,63,68,124,4,2,0,1,0
2024-01-10 03:50:00,R103,61,43,20,90,2,1,14,0,0
2024-01-10 03:55:00,R105,30,37,10,112,3,2,21,0,0
2024-01-10 04:00:00,R103,122,59,22,89,4,0,0,0,0
2024-01-10 04:05:00,R103,117,11,39,112,4,1,12,0,0
2024-01-10 04:10:00,R104,165,35,78,18,2,0,19,0,1
2024-01-10 04:15:00,R102,104,60,27,42,4,2,22,1,0
2024-01-10 04:20:00,R104,119,56,87,44,2,1,1,0,0
2024-01-10 04:25:00,R104,123,35,22,59,2,2,2,1,0
2024-01-10 04:30:00,R101,199,70,41,33,3,2,3,1,0
2024-01-10 04:35:00,R104,65,32,80,48,3,0,15,0,1
2024-01-10 04:40:00,R105,63,46,81,34,4,0,21,1,0
2024-01-10 04:45:00,R105,41,50,59,41,4,0,11,1,0
2024-01-10 04:50:00,R101,133,61,80,148,2,1,3,0,0
2024-01-10 04:55:00,R102,144,58,89,117,2,0,21,0,0
2024-01-10 05:00:00,R102,143,36,40,42,2,2,11,1,0
2024-01-10 05:05:00,R104,49,15,60,116,2,1,6,0,1
2024-01-10 05:10:00,R104,27,75,36,120,4,0,19,0,0
2024-01-10 05:15:00,R104,117,33,69,130,3,0,21,1,1
2024-01-10 05:20:00,R102,76,47,42,25,4,0,2,0,0
2024-01-10 05:25:00,R103,130,37,62,20,4,2,4,0,1
2024-01-10 05:30:00,R105,92,37,81,107,4,0,11,0,1
2024-01-10 05:35:00,R103,134,75,42,125,3,2,11,0,0
2024-01-10 05:40:00,R103,39,70,50,34,4,1,19,0,0
2024-01-10 05:45:00,R102,44,55,28,102,3,0,22,0,0
2024-01-10 05:50:00,R103,38,78,94,120,2,2,21,1,0
2024-01-10 05:55:00,R101,24,52,50,105,4,0,6,0,0
2024-01-10 06:00:00,R104,94,68,94,21,2,0,21,1,0
2024-01-10 06:05:00,R101,147,11,98,30,2,1,11,1,2
2024-01-10 06:10:00,R105,91,24,51,136,2,1,1,1,1
2024-01-10 06:15:00,R104,174,46,32,38,4,2,13,1,0
2024-01-10 06:20:00,R103,59,29,84,130,2,2,22,0,1
2024-01-10 06:25:00,R105,45,44,42,133,4,2,15,1,1
2024-01-10 06:30:00,R104,46,43,29,42,2,1,23,0,0
2024-01-10 06:35:00,R103,102,40,34,145,4,2,6,1,0
2024-01-10 06:40:00,R101,147,28,99,86,4,1,3,1,1
2024-01-10 06:45:00,R104,197,77,61,50,4,1,19,0,0
2024-01-10 06:50:00,R103,189,33,21,83,2,0,4,0,0
2024-01-10 06:55:00,R101,176,48,41,72,4,0,13,1,0
2024-01-10 07:00:00,R105,186,63,42,23,2,2,8,0,0
2024-01-10 07:05:00,R105,188,48,83,84,3,1,4,1,0
2024-01-10 07:10:00,R105,52,26,77,76,2,1,1,0,1
2024-01-10 07:15:00,R105,116,28,24,102,2,1,4,0,0
2024-01-10 07:20:00,R102,130,57,60,62,4,0,2,1,0
2024-01-10 07:25:00,R104,35,44,15,103,2,1,9,0,0
2024-01-10 07:30:00,R104,42,41,78,122,3,2,7,1,1
2024-01-10 07:35:00,R102,154,56,78,144,4,2,9,0,0
2024-01-10 07:40:00,R103,45,56,91,20,2,0,1,1,0
2024-01-10 07:45:00,R103,115,73,44,34,2,2,13,1,0
2024-01-10 07:50:00,R105,31,55,95,92,4,1,3,1,0
2024-01-10 07:55:00,R101,91,44,43,102,4,1,20,0,1
2024-01-10 08:00:00,R103,152,26,72,148,2,2,11,1,1
2024-01-10 08:05:00,R101,125,51,77,64,2,0,19,1,0
2024-01-10 08:10:00,R104,136,38,27,28,4,1,13,0,0
2024-01-10 08:15:00,R101,196,79,35,101,4,1,15,1,0
2024-01-10 08:20:00,R104,45,26,95,99,3,0,4,1,1
2024-01-10 08:25:00,R102,152,23,70,20,3,1,15,1,1
2024-01-10 08:30:00,R102,41,33,87,69,3,2,3,0,1
2024-01-10 08:35:00,R105,32,66,83,50,4,2,2,0,0
2024-01-10 08:40:00,R103,175,59,97,139,4,0,0,1,0
2024-01-10 08:45:00,R105,180,66,94,116,4,0,3,0,0
2024-01-10 08:50:00,R104,126,70,57,69,2,2,8,1,0
2024-01-10 08:55:00,R105,42,48,81,31,4,0,0,0,0
2024-01-10 09:00:00,R101,116,64,40,137,2,2,15,1,0
2024-01-10 09:05:00,R104,37,45,43,135,4,0,22,1,0
2024-01-10 09:10:00,R102,136,46,96,112,4,2,2,1,0
2024-01-10 09:15:00,R103,49,23,98,141,2,1,23,0,2
2024-01-10 09:20:00,R104,45,36,16,119,4,1,5,1,0
2024-01-10 09:25:00,R104,163,40,92,67,4,2,12,1,1
2024-01-10 09:30:00,R101,58,53,16,74,4,1,16,0,0
2024-01-10 09:35:00,R103,180,77,56,67,3,2,14,0,0
2024-01-10 09:40:00,R102,173,57,17,85,4,0,20,1,0
2024-01-10 09:45:00,R104,195,66,87,28,2,1,11,0,0
2024-01-10 09:50:00,R104,185,31,10,137,2,1,7,1,0
2024-01-10 09:55:00,R101,149,13,86,113,2,1,15,0,2
2024-01-10 10:00:00,R105,132,55,12,116,4,2,2,0,0
2024-01-10 10:05:00,R102,153,68,62,127,2,1,3,1,0
2024-01-10 10:10:00,R103,65,43,47,88,3,0,6,1,1
2024-01-10 10:15:00,R104,69,20,60,93,2,1,14,1,1
2024-01-10 10:20:00,R104,185,40,24,127,4,0,10,0,0
2024-01-10 10:25:00,R102,125,20,76,19,3,1,15,1,2
2024-01-10 10:30:00,R105,165,65,73,39,2,1,21,0,0
2024-01-10 10:35:00,R104,174,47,77,33,3,0,13,1,0
2024-01-10 10:40:00,R102,188,30,14,64,2,1,22,1,0
2024-01-10 10:45:00,R101,91,19,99,113,4,0,12,1,2
2024-01-10 10:50:00,R105,93,35,98,136,3,0,8,0,1
2024-01-10 10:55:00,R103,36,17,19,134,2,0,17,1,0
2024-01-10 11:00:00,R104,176,17,17,102,2,1,2,0,0
2024-01-10 11:05:00,R102,89,69,21,17,3,1,19,1,0
2024-01-10 11:10:00,R101,169,43,73,147,3,0,21,1,1
2024-01-10 11:15:00,R103,25,25,68,84,3,1,4,0,1
2024-01-10 11:20:00,R102,45,22,76,49,3,2,21,0,2
2024-01-10 11:25:00,R102,186,31,59,149,2,0,23,0,1
2024-01-10 11:30:00,R103,159,36,32,94,2,0,1,1,0
2024-01-10 11:35:00,R101,118,73,49,25,2,2,21,1,0
2024-01-10 11:40:00,R101,161,11,87,87,4,2,20,0,2
2024-01-10 11:45:00,R105,41,35,96,57,3,0,16,1,1
2024-01-10 11:50:00,R104,70,78,86,100,2,2,15,0,0
2024-01-10 11:55:00,R103,170,39,85,138,3,0,23,0,1
2024-01-10 12:00:00,R103,195,17,27,31,3,1,19,1,0
2024-01-10 12:05:00,R103,123,47,30,23,2,2,23,0,0
2024-01-10 12:10:00,R101,197,70,10,82,3,0,12,1,0
2024-01-10 12:15:00,R104,108,74,47,28,3,0,19,0,0
2024-01-10 12:20:00,R105,160,76,50,49,3,0,10,1,0
2024-01-10 12:25:00,R102,157,55,51,107,3,2,7,0,0
2024-01-10 12:30:00,R102,28,52,18,13,3,1,20,1,0
2024-01-10 12:35:00,R103,98,68,32,42,2,1,4,0,0
2024-01-10 12:40:00,R104,71,55,87,52,2,2,1,1,0
2024-01-10 12:45:00,R101,149,44,20,36,3,0,3,1,0
2024-01-10 12:50:00,R104,172,48,80,90,3,0,2,1,0
2024-01-10 12:55:00,R104,32,60,40,122,3,0,1,0,0
2024-01-10 13:00:00,R101,70,13,97,126,4,2,2,1,2
2024-01-10 13:05:00,R103,53,60,35,133,3,2,15,0,0
2024-01-10 13:10:00,R104,54,14,39,104,4,0,19,0,0
2024-01-10 13:15:00,R102,150,64,43,72,4,0,8,0,0
2024-01-10 13:20:00,R101,139,29,55,143,4,0,5,1,1
2024-01-10 13:25:00,R105,89,33,78,133,2,2,14,0,1
2024-01-10 13:30:00,R103,195,45,14,125,4,2,4,0,0
2024-01-10 13:35:00,R101,166,43,70,104,3,1,8,1,1
2024-01-10 13:40:00,R105,86,63,92,76,3,0,23,1,0
2024-01-10 13:45:00,R105,122,43,47,106,2,0,5,1,1
2024-01-10 13:50:00,R104,92,26,37,125,2,1,2,1,0
2024-01-10 13:55:00,R104,135,14,35,22,3,0,22,0,0
2024-01-10 14:00:00,R104,152,27,70,73,2,1,12,0,1
2024-01-10 14:05:00,R101,86,64,32,94,2,2,21,0,0
2024-01-10 14:10:00,R101,158,62,55,65,4,1,14,0,0
2024-01-10 14:15:00,R103,140,59,39,141,4,1,10,0,0
2024-01-10 14:20:00,R104,113,54,76,121,2,2,15,1,0
2024-01-10 14:25:00,R105,148,22,42,42,3,0,14,0,1
2024-01-10 14:30:00,R102,110,25,12,62,4,1,23,1,0
2024-01-10 14:35:00,R103,111,22,78,110,3,1,5,1,2
2024-01-10 14:40:00,R101,82,29,92,98,2,0,13,0,1
2024-01-10 14:45:00,R103,48,75,51,38,3,1,10,0,0
2024-01-10 14:50:00,R103,31,56,71,60,3,2,19,0,0
2024-01-10 14:55:00,R103,96,28,67,59,3,1,9,1,1
2024-01-10 15:00:00,R103,60,54,66,120,3,0,15,1,0
2024-01-10 15:05:00,R102,149,46,10,45,2,0,11,1,0
2024-01-10 15:10:00,R104,56,63,82,118,2,1,6,0,0
2024-01-10 15:15:00,R105,192,15,69,69,4,0,6,1,1
2024-01-10 15:20:00,R103,195,23,78,29,4,0,23,1,2
2024-01-10 15:25:00,R103,43,13,68,142,4,1,17,1,1
2024-01-10 15:30:00,R103,118,64,55,133,4,1,14,1,0
2024-01-10 15:35:00,R104,169,43,43,10,3,0,5,0,1
2024-01-10 15:40:00,R101,119,36,34,28,4,1,18,1,0
2024-01-10 15:45:00,R101,158,16,51,96,4,2,7,0,1
2024-01-10 15:50:00,R102,77,12,38,38,3,1,19,0,0
2024-01-10 15:55:00,R101,193,56,34,68,2,0,14,0,0
2024-01-10 16:00:00,R103,48,11,63,72,4,2,3,0,1
2024-01-10 16:05:00,R103,182,34,82,107,2,0,17,1,1
2024-01-10 16:10:00,R103,162,69,76,57,4,0,12,0,0
2024-01-10 16:15:00,R102,79,33,24,71,2,2,21,0,0
2024-01-10 16:20:00,R103,114,24,13,27,4,1,21,1,0
2024-01-10 16:25:00,R101,61,23,47,36,2,0,0,1,1
2024-01-10 16:30:00,R104,62,63,29,15,2,1,7,1,0
2024-01-10 16:35:00,R104,93,15,32,15,4,1,18,1,0
2024-01-10 16:40:00,R105,196,27,46,40,2,2,16,0,1
2024-01-10 16:45:00,R101,179,29,71,114,4,0,9,1,1
2024-01-10 16:50:00,R103,83,71,17,103,4,2,0,1,0
2024-01-10 16:55:00,R104,21,49,46,65,3,2,0,0,0
2024-01-10 17:00:00,R101,171,48,54,27,4,0,20,0,0
2024-01-10 17:05:00,R104,85,61,42,96,4,0,4,1,0
2024-01-10 17:10:00,R103,185,41,16,32,4,2,0,0,0
2024-01-10 17:15:00,R104,50,36,31,34,4,2,20,1,0
2024-01-10 17:20:00,R105,134,61,14,16,3,2,22,1,0
2024-01-10 17:25:00,R105,45,72,24,142,3,0,20,0,0
2024-01-10 17:30:00,R104,48,72,30,27,3,0,19,0,0
2024-01-10 17:35:00,R101,97,26,98,115,3,2,12,0,1
2024-01-10 17:40:00,R101,44,58,26,42,2,0,8,0,0
2024-01-10 17:45:00,R101,67,32,65,88,4,0,15,1,1
2024-01-10 17:50:00,R104,84,22,59,44,3,0,7,1,1
2024-01-10 17:55:00,R101,86,32,16,119,4,1,13,0,0
2024-01-10 18:00:00,R103,109,66,59,74,3,1,16,1,0
2024-01-10 18:05:00,R105,165,71,69,72,4,2,3,0,0
2024-01-10 18:10:00,R103,156,63,92,81,2,1,6,1,0
2024-01-10 18:15:00,R101,57,29,16,50,3,2,16,1,0
2024-01-10 18:20:00,R103,106,61,49,137,2,2,23,1,0
2024-01-10 18:25:00,R101,168,32,54,117,2,0,15,1,1
2024-01-10 18:30:00,R104,84,44,68,113,4,2,13,1,1
2024-01-10 18:35:00,R103,168,76,97,47,3,2,15,1,0
2024-01-10 18:40:00,R104,46,43,84,44,2,2,1,0,1
2024-01-10 18:45:00,R104,125,42,64,145,4,2,23,0,1
2024-01-10 18:50:00,R102,142,55,73,111,4,0,14,0,0
2024-01-10 18:55:00,R101,63,54,74,77,4,0,10,1,0
2024-01-10 19:00:00,R105,119,28,63,46,2,2,12,0,1
2024-01-10 19:05:00,R101,47,24,49,94,4,1,3,1,1
2024-01-10 19:10:00,R105,192,75,62,38,4,1,23,1,0
2024-01-10 19:15:00,R101,36,48,53,50,4,2,0,1,0
2024-01-10 19:20:00,R104,146,27,72,65,2,0,14,0,1
2024-01-10 19:25:00,R103,142,79,11,25,4,2,11,1,0
2024-01-10 19:30:00,R103,187,68,88,149,2,2,20,1,0
2024-01-10 19:35:00,R102,150,41,30,75,4,0,8,0,0
2024-01-10 19:40:00,R105,95,30,97,78,2,1,6,0,1
2024-01-10 19:45:00,R105,65,49,59,32,2,2,2,0,0
2024-01-10 19:50:00,R105,177,36,90,62,3,0,15,1,1
2024-01-10 19:55:00,R104,88,11,61,129,3,0,3,1,1
2024-01-10 20:00:00,R105,156,48,18,137,3,2,22,0,0
2024-01-10 20:05:00,R103,104,65,29,58,2,0,13,1,0
2024-01-10 20:10:00,R104,30,22,92,22,4,2,21,1,2
2024-01-10 20:15:00,R101,88,65,27,117,4,1,12,1,0
2024-01-10 20:20:00,R105,118,75,93,94,2,2,19,0,0
2024-01-10 20:25:00,R105,110,65,39,54,4,1,18,1,0
2024-01-10 20:30:00,R101,178,37,74,91,2,0,1,0,1
2024-01-10 20:35:00,R105,180,73,33,77,4,2,9,0,0
2024-01-10 20:40:00,R101,186,73,97,106,2,0,18,0,0
2024-01-10 20:45:00,R104,113,65,56,86,3,2,14,1,0
2024-01-10 20:50:00,R103,193,50,92,44,3,0,6,1,0
2024-01-10 20:55:00,R101,184,50,99,145,4,1,14,1,0
2024-01-10 21:00:00,R102,134,13,53,61,4,2,16,0,1
2024-01-10 21:05:00,R101,50,66,38,49,4,0,23,0,0
2024-01-10 21:10:00,R105,30,39,86,130,4,2,15,1,1
2024-01-10 21:15:00,R104,106,55,77,122,3,2,16,1,0
2024-01-10 21:20:00,R104,140,65,26,120,3,1,15,0,0
2024-01-10 21:25:00,R101,149,40,14,45,2,0,17,1,0
2024-01-10 21:30:00,R103,124,16,97,143,4,2,16,0,2
2024-01-10 21:35:00,R102,46,63,90,79,3,2,3,0,0
2024-01-10 21:40:00,R104,21,17,59,82,2,2,1,0,1
2024-01-10 21:45:00,R105,122,64,49,25,2,2,16,0,0
2024-01-10 21:50:00,R105,120,78,55,47,2,2,16,1,0
2024-01-10 21:55:00,R103,40,53,60,27,3,0,1,0,0
2024-01-10 22:00:00,R104,77,22,20,21,2,2,21,0,0
2024-01-10 22:05:00,R101,152,29,21,63,4,2,1,1,0
2024-01-10 22:10:00,R105,199,41,22,10,2,2,14,0,0
2024-01-10 22:15:00,R103,192,69,73,120,2,0,15,0,0
2024-01-10 22:20:00,R104,104,59,17,30,3,2,10,0,0
2024-01-10 22:25:00,R104,112,36,74,138,2,2,1,0,1
2024-01-10 22:30:00,R104,39,34,18,102,3,1,7,1,0
2024-01-10 22:35:00,R104,80,61,11,149,3,1,20,1,0
2024-01-10 22:40:00,R104,57,77,87,133,4,2,23,1,0
2024-01-10 22:45:00,R105,167,30,22,48,2,2,11,1,0
2024-01-10 22:50:00,R103,44,27,11,69,4,1,13,0,0
2024-01-10 22:55:00,R104,149,48,77,106,4,0,13,0,0
2024-01-10 23:00:00,R102,140,24,85,113,2,0,23,1,2
2024-01-10 23:05:00,R102,179,62,57,148,2,1,11,0,0
2024-01-10 23:10:00,R103,45,47,83,119,3,2,1,1,0
2024-01-10 23:15:00,R101,188,57,12,38,2,1,13,0,0
2024-01-10 23:20:00,R101,86,61,77,98,3,0,22,1,0
2024-01-10 23:25:00,R101,20,37,15,128,4,1,11,1,0
2024-01-10 23:30:00,R102,70,25,96,60,4,0,23,1,1
2024-01-10 23:35:00,R101,24,25,14,117,3,2,8,1,0
2024-01-10 23:40:00,R105,32,44,12,67,2,2,7,0,0
2024-01-10 23:45:00,R104,166,26,19,45,2,2,19,0,0
2024-01-10 23:50:00,R102,159,61,52,37,3,0,15,0,0
2024-01-10 23:55:00,R103,67,21,28,140,4,1,9,1,0
2024-01-11 00:00:00,R103,172,57,23,110,3,2,6,1,0
2024-01-11 00:05:00,R104,76,31,30,116,2,0,14,0,0
2024-01-11 00:10:00,R102,134,58,52,98,2,2,8,0,0
2024-01-11 00:15:00,R101,54,61,37,44,3,1,3,0,0
2024-01-11 00:20:00,R101,95,10,30,102,2,2,22,0,0
2024-01-11 00:25:00,R105,113,75,45,114,4,0,5,1,0
2024-01-11 00:30:00,R105,24,73,33,85,3,0,11,1,0
2024-01-11 00:35:00,R101,41,17,63,93,4,2,14,0,1
2024-01-11 00:40:00,R103,122,34,47,85,4,2,18,0,1
2024-01-11 00:45:00,R103,194,75,26,59,3,0,21,0,0
2024-01-11 00:50:00,R105,150,79,31,109,3,2,23,1,0
2024-01-11 00:55:00,R104,143,60,92,81,2,2,1,0,0
2024-01-11 01:00:00,R101,72,62,54,124,2,2,18,1,0
2024-01-11 01:05:00,R105,178,24,83,86,3,1,23,1,2
2024-01-11 01:10:00,R105,88,59,70,130,3,1,19,0,0
2024-01-11 01:15:00,R101,123,47,20,63,2,1,19,0,0
2024-01-11 01:20:00,R101,180,49,70,80,2,2,1,0,0
2024-01-11 01:25:00,R103,197,75,47,94,2,0,14,1,0
2024-01-11 01:30:00,R104,35,48,75,111,3,2,11,0,0
2024-01-11 01:35:00,R104,135,26,42,116,3,2,0,0,1
2024-01-11 01:40:00,R101,95,16,52,37,2,1,22,1,1
2024-01-11 01:45:00,R102,128,48,40,117,4,0,13,1,0
2024-01-11 01:50:00,R105,58,77,44,30,4,1,3,1,0
2024-01-11 01:55:00,R105,108,44,46,36,2,0,21,0,1
2024-01-11 02:00:00,R101,193,60,56,86,3,2,23,1,0
2024-01-11 02:05:00,R102,131,56,32,59,3,2,10,1,0
2024-01-11 02:10:00,R103,66,45,45,66,4,2,6,1,0
2024-01-11 02:15:00,R101,191,73,49,128,2,0,12,1,0
2024-01-11 02:20:00,R101,156,22,99,73,4,1,13,1,2
2024-01-11 02:25:00,R105,147,27,98,57,4,1,6,0,1
2024-01-11 02:30:00,R101,197,30,90,13,2,1,21,1,1
2024-01-11 02:35:00,R101,96,74,24,140,4,0,10,1,0
2024-01-11 02:40:00,R101,34,17,46,70,3,0,19,1,1
2024-01-11 02:45:00,R105,55,57,13,105,4,2,19,0,0
2024-01-11 02:50:00,R103,82,52,31,13,2,1,10,0,0
2024-01-11 02:55:00,R103,88,62,90,74,3,0,20,1,0
2024-01-11 03:00:00,R101,188,36,31,149,3,1,8,1,0
2024-01-11 03:05:00,R105,93,28,90,133,4,1,3,1,1
2024-01-11 03:10:00,R103,43,32,87,102,3,0,1,1,1
2024-01-11 03:15:00,R103,68,59,87,40,2,0,1,0,0
2024-01-11 03:20:00,R103,165,60,26,80,4,2,8,0,0
2024-01-11 03:25:00,R105,26,52,81,11,3,2,18,0,0
2024-01-11 03:30:00,R105,23,60,99,59,2,2,14,1,0
2024-01-11 03:35:00,R101,109,78,95,144,4,1,20,1,0
2024-01-11 03:40:00,R104,79,50,89,17,2,1,20,0,0
2024-01-11 03:45:00,R103,74,20,89,64,3,2,17,0,2
2024-01-11 03:50:00,R104,35,61,47,52,4,1,15,1,0
2024-01-11 03:55:00,R105,48,32,33,39,4,1,1,0,0
2024-01-11 04:00:00,R105,170,58,15,68,3,1,11,0,0
2024-01-11 04:05:00,R105,33,47,77,18,2,1,0,0,0
2024-01-11 04:10:00,R104,98,56,91,77,3,0,1,0,0
2024-01-11 04:15:00,R105,196,16,15,90,4,0,13,0,0
2024-01-11 04:20:00,R101,52,75,35,148,4,2,6,1,0
2024-01-11 04:25:00,R105,172,71,50,132,3,2,16,1,0
2024-01-11 04:30:00,R102,40,38,84,139,2,1,14,1,1
2024-01-11 04:35:00,R104,164,47,47,32,3,1,16,1,0
2024-01-11 04:40:00,R102,42,42,89,31,2,0,8,0,1
2024-01-11 04:45:00,R105,76,38,92,149,2,1,12,1,1
2024-01-11 04:50:00,R101,161,32,52,18,4,1,1,0,1
2024-01-11 04:55:00,R103,112,12,62,99,2,2,14,0,1
2024-01-11 05:00:00,R105,39,54,24,42,4,1,19,1,0
2024-01-11 05:05:00,R101,177,17,99,98,2,0,10,1,2
2024-01-11 05:10:00,R104,38,38,65,104,2,1,18,1,1
2024-01-11 05:15:00,R102,122,11,65,78,4,1,13,1,1
2024-01-11 05:20:00,R102,96,59,40,47,2,1,3,0,0
2024-01-11 05:25:00,R102,170,74,92,148,3,1,10,0,0
2024-01-11 05:30:00,R104,52,29,66,73,2,1,15,0,1
2024-01-11 05:35:00,R101,37,61,60,81,4,0,22,1,0
2024-01-11 05:40:00,R104,92,46,33,29,4,2,1,1,0
2024-01-11 05:45:00,R102,180,36,67,43,3,1,1,0,1
2024-01-11 05:50:00,R105,179,56,82,120,2,2,8,0,0
2024-01-11 05:55:00,R103,36,15,96,51,3,2,21,1,2
2024-01-11 06:00:00,R104,38,69,13,145,2,0,22,1,0
2024-01-11 06:05:00,R104,89,54,19,75,3,2,20,0,0
2024-01-11 06:10:00,R101,139,53,72,30,4,1,20,0,0
2024-01-11 06:15:00,R101,120,27,82,88,4,1,3,0,1
2024-01-11 06:20:00,R104,53,74,92,79,3,1,7,1,0
2024-01-11 06:25:00,R102,103,34,24,14,2,1,22,0,0
2024-01-11 06:30:00,R103,172,36,72,76,2,0,17,0,1
2024-01-11 06:35:00,R101,93,16,28,25,4,2,14,1,0
2024-01-11 06:40:00,R102,107,53,72,108,2,0,1,0,0
2024-01-11 06:45:00,R105,104,38,65,82,3,2,21,0,1
2024-01-11 06:50:00,R101,30,53,30,44,3,0,10,0,0
2024-01-11 06:55:00,R102,110,45,43,92,2,0,16,1,0
2024-01-11 07:00:00,R102,163,28,26,119,4,0,6,1,0
2024-01-11 07:05:00,R103,146,15,27,48,4,1,7,0,0
2024-01-11 07:10:00,R103,132,34,90,19,4,1,9,1,1
2024-01-11 07:15:00,R105,99,40,75,10,4,0,23,0,1
2024-01-11 07:20:00,R102,26,18,60,15,4,2,2,0,1
2024-01-11 07:25:00,R102,35,46,74,75,3,2,12,1,0
2024-01-11 07:30:00,R103,35,36,52,47,2,1,22,0,1
2024-01-11 07:35:00,R101,187,22,66,76,3,0,16,1,1
2024-01-11 07:40:00,R101,31,50,19,109,4,1,12,1,0
2024-01-11 07:45:00,R104,54,75,46,86,4,1,18,0,0
2024-01-11 07:50:00,R103,40,33,57,44,2,1,21,0,1
2024-01-11 07:55:00,R104,197,53,78,54,2,0,8,1,0
2024-01-11 08:00:00,R103,190,69,65,77,2,0,20,1,0
2024-01-11 08:05:00,R105,36,18,85,26,3,1,15,0,2
2024-01-11 08:10:00,R102,51,11,45,14,2,0,4,1,1
2024-01-11 08:15:00,R105,60,65,40,66,3,2,8,0,0
2024-01-11 08:20:00,R103,153,39,64,104,4,2,8,0,1
2024-01-11 08:25:00,R102,46,31,47,39,3,1,5,1,1
2024-01-11 08:30:00,R101,167,22,82,16,2,2,20,0,2
2024-01-11 08:35:00,R101,172,25,99,133,3,1,9,1,1
2024-01-11 08:40:00,R104,85,54,24,100,3,1,17,0,0
2024-01-11 08:45:00,R103,156,74,25,61,3,1,10,0,0
2024-01-11 08:50:00,R103,111,20,86,15,2,0,23,0,2
2024-01-11 08:55:00,R101,80,79,98,118,3,0,23,0,0
2024-01-11 09:00:00,R105,185,29,62,104,2,0,14,0,1
2024-01-11 09:05:00,R102,22,72,65,75,3,0,6,0,0
2024-01-11 09:10:00,R105,122,21,16,19,3,1,13,1,0
2024-01-11 09:15:00,R105,74,71,66,35,3,0,7,1,0
2024-01-11 09:20:00,R101,20,51,64,142,2,2,18,0,0
2024-01-11 09:25:00,R101,120,78,61,77,2,2,14,1,0
2024-01-11 09:30:00,R101,64,67,13,107,2,0,18,1,0
2024-01-11 09:35:00,R104,194,14,52,80,4,2,17,1,1
2024-01-11 09:40:00,R105,45,36,49,59,2,2,16,1,1
2024-01-11 09:45:00,R103,140,37,39,26,3,0,2,1,0
2024-01-11 09:50:00,R102,161,35,19,20,4,1,2,0,0
2024-01-11 09:55:00,R104,65,58,16,62,2,1,6,0,0
2024-01-11 10:00:00,R103,141,30,45,59,2,1,9,0,1
2024-01-11 10:05:00,R105,50,10,44,145,4,0,16,0,1
2024-01-11 10:10:00,R101,78,67,97,133,4,1,14,0,0
2024-01-11 10:15:00,R105,48,64,48,71,2,1,7,1,0
2024-01-11 10:20:00,R102,125,35,45,85,4,2,16,1,1
2024-01-11 10:25:00,R104,36,34,29,132,3,1,2,0,0
2024-01-11 10:30:00,R104,161,42,58,99,3,0,3,0,1
2024-01-11 10:35:00,R102,183,78,68,38,3,1,7,1,0
2024-01-11 10:40:00,R103,43,15,58,111,2,2,12,0,1
2024-01-11 10:45:00,R103,128,32,99,110,3,2,0,0,1
2024-01-11 10:50:00,R104,110,39,35,119,4,2,17,1,0
2024-01-11 10:55:00,R104,44,63,45,118,3,2,10,0,0
2024-01-11 11:00:00,R101,51,20,52,38,4,1,20,0,1
2024-01-11 11:05:00,R103,135,40,52,68,3,2,5,0,1
2024-01-11 11:10:00,R102,101,15,85,79,4,2,15,0,2
2024-01-11 11:15:00,R103,129,20,42,105,3,2,20,0,1
2024-01-11 11:20:00,R101,165,21,87,53,3,1,18,1,2
2024-01-11 11:25:00,R104,56,75,54,93,3,0,22,0,0
2024-01-11 11:30:00,R104,45,62,54,130,4,2,16,0,0
2024-01-11 11:35:00,R101,156,45,97,66,4,2,17,1,0
2024-01-11 11:40:00,R102,83,26,24,126,3,2,10,0,0
2024-01-11 11:45:00,R104,91,37,26,73,4,1,13,0,0
2024-01-11 11:50:00,R105,167,31,21,108,4,1,11,1,0
2024-01-11 11:55:00,R104,125,16,31,47,2,2,19,1,0
2024-01-11 12:00:00,R105,105,24,32,36,3,0,23,1,0
2024-01-11 12:05:00,R101,177,20,99,26,4,2,6,1,2
2024-01-11 12:10:00,R101,72,33,87,72,4,0,16,1,1
2024-01-11 12:15:00,R104,111,76,21,20,4,0,4,0,0
2024-01-11 12:20:00,R103,118,39,77,73,4,1,21,1,1
2024-01-11 12:25:00,R105,30,79,60,48,2,1,13,1,0
2024-01-11 12:30:00,R102,50,75,22,139,4,1,23,1,0
2024-01-11 12:35:00,R104,196,70,66,124,4,0,12,1,0
2024-01-11 12:40:00,R102,119,50,64,54,2,0,23,0,0
2024-01-11 12:45:00,R104,106,60,91,97,3,0,11,1,0
2024-01-11 12:50:00,R103,166,53,37,89,3,1,13,0,0
2024-01-11 12:55:00,R103,159,22,53,18,2,1,8,0,1
2024-01-11 13:00:00,R103,34,21,28,114,3,1,3,1,0
2024-01-11 13:05:00,R103,178,18,55,134,3,2,21,0,1
2024-01-11 13:10:00,R101,190,57,12,87,2,0,18,0,0
2024-01-11 13:15:00,R101,120,58,92,54,4,0,0,0,0
2024-01-11 13:20:00,R105,184,62,29,117,2,2,12,1,0
2024-01-11 13:25:00,R102,48,65,34,108,2,0,5,1,0
2024-01-11 13:30:00,R104,133,49,84,36,2,0,0,0,0
2024-01-11 13:35:00,R104,126,33,65,49,2,2,21,1,1
2024-01-11 13:40:00,R101,173,42,90,35,2,0,16,1,1
2024-01-11 13:45:00,R104,127,32,70,92,4,1,2,1,1
2024-01-11 13:50:00,R101,149,63,64,35,3,2,16,0,0
2024-01-11 13:55:00,R105,103,62,44,79,2,0,1,1,0
2024-01-11 14:00:00,R102,34,58,87,76,4,1,21,1,0
2024-01-11 14:05:00,R105,151,58,68,15,2,0,6,0,0
2024-01-11 14:10:00,R103,69,69,48,37,4,2,0,1,0
2024-01-11 14:15:00,R103,185,74,66,22,3,1,20,0,0
2024-01-11 14:20:00,R103,42,41,92,72,4,0,21,1,1
2024-01-11 14:25:00,R105,78,30,76,22,4,2,14,1,1
2024-01-11 14:30:00,R104,109,27,43,138,3,0,3,1,1
2024-01-11 14:35:00,R102,134,69,50,49,3,0,5,1,0
2024-01-11 14:40:00,R103,94,22,31,40,4,1,20,0,0
2024-01-11 14:45:00,R103,175,33,36,26,2,0,12,1,0
2024-01-11 14:50:00,R103,142,39,30,146,2,2,22,0,0
2024-01-11 14:55:00,R102,155,11,50,118,3,2,12,0,1
2024-01-11 15:00:00,R103,176,34,40,73,2,1,19,1,0
2024-01-11 15:05:00,R102,158,59,36,66,3,1,0,1,0
2024-01-11 15:10:00,R103,37,23,46,34,4,0,1,1,1
2024-01-11 15:15:00,R105,69,15,75,131,4,2,5,1,2
2024-01-11 15:20:00,R105,161,39,63,87,2,1,10,1,1
2024-01-11 15:25:00,R102,137,39,18,66,3,0,17,1,0
2024-01-11 15:30:00,R105,156,47,92,80,2,0,12,1,0
2024-01-11 15:35:00,R102,158,67,51,97,2,2,20,1,0
2024-01-11 15:40:00,R105,127,50,45,122,4,2,11,1,0
2024-01-11 15:45:00,R105,86,66,19,109,2,0,19,0,0
2024-01-11 15:50:00,R102,186,45,68,56,4,2,6,1,0
2024-01-11 15:55:00,R104,97,73,49,125,3,0,19,1,0
2024-01-11 16:00:00,R105,175,25,63,140,2,0,6,0,1
2024-01-11 16:05:00,R103,94,23,48,99,4,2,23,1,1
2024-01-11 16:10:00,R104,58,40,16,120,2,1,6,1,0
2024-01-11 16:15:00,R102,44,75,13,99,3,0,1,0,0
2024-01-11 16:20:00,R104,40,77,24,138,2,2,10,1,0
2024-01-11 16:25:00,R101,157,74,85,148,2,0,0,0,0
2024-01-11 16:30:00,R101,190,64,57,144,4,0,20,1,0
2024-01-11 16:35:00,R105,34,49,15,21,3,0,12,1,0
2024-01-11 16:40:00,R105,67,34,82,115,3,2,11,1,1
2024-01-11 16:45:00,R103,105,34,44,131,3,2,12,0,1
2024-01-11 16:50:00,R104,168,12,81,62,2,2,6,0,2
2024-01-11 16:55:00,R101,135,78,80,109,4,1,11,0,0
2024-01-11 17:00:00,R105,69,35,77,46,2,0,16,0,1
2024-01-11 17:05:00,R104,170,49,67,128,2,1,7,1,0
2024-01-11 17:10:00,R105,160,47,86,68,2,0,2,0,0
2024-01-11 17:15:00,R105,88,47,28,63,3,2,6,1,0
2024-01-11 17:20:00,R101,23,77,71,10,4,0,18,1,0
2024-01-11 17:25:00,R101,97,16,80,37,3,0,19,1,2
2024-01-11 17:30:00,R105,28,39,19,121,2,0,7,1,0
2024-01-11 17:35:00,R102,140,28,34,25,2,1,13,1,0
2024-01-11 17:40:00,R105,134,44,53,37,4,2,13,0,1
2024-01-11 17:45:00,R105,182,42,67,121,3,2,1,1,1
2024-01-11 17:50:00,R103,120,42,34,138,2,0,5,1,0
2024-01-11 17:55:00,R103,168,47,85,125,2,2,15,0,0
2024-01-11 18:00:00,R103,165,19,49,107,4,1,8,1,1
2024-01-11 18:05:00,R102,116,66,85,79,2,1,20,0,0
2024-01-11 18:10:00,R102,100,37,79,101,3,2,14,1,1
2024-01-11 18:15:00,R105,62,47,19,12,3,1,18,0,0
2024-01-11 18:20:00,R103,114,25,75,90,2,1,14,1,1
2024-01-11 18:25:00,R102,25,30,34,53,2,2,21,1,0
2024-01-11 18:30:00,R101,86,15,80,33,2,2,11,0,2
2024-01-11 18:35:00,R105,159,50,96,108,4,0,8,1,0
2024-01-11 18:40:00,R104,119,24,20,121,4,0,15,1,0
2024-01-11 18:45:00,R105,31,12,45,132,3,1,5,0,1
2024-01-11 18:50:00,R104,85,52,58,121,3,2,19,0,0
2024-01-11 18:55:00,R103,21,56,57,139,2,1,14,1,0
2024-01-11 19:00:00,R104,162,23,96,77,2,2,12,0,2
2024-01-11 19:05:00,R103,170,75,16,100,2,1,20,1,0
2024-01-11 19:10:00,R101,176,38,86,69,4,1,22,0,1
2024-01-11 19:15:00,R104,100,13,60,141,4,1,9,0,1
2024-01-11 19:20:00,R105,154,35,26,133,2,0,13,0,0
2024-01-11 19:25:00,R103,175,21,41,105,2,2,2,1,1
2024-01-11 19:30:00,R105,161,11,35,138,3,1,11,1,0
2024-01-11 19:35:00,R102,191,26,31,42,4,0,0,1,0
2024-01-11 19:40:00,R103,177,44,22,39,2,1,23,0,0
2024-01-11 19:45:00,R104,179,19,21,14,4,1,20,1,0
2024-01-11 19:50:00,R103,89,52,80,127,2,2,15,1,0
2024-01-11 19:55:00,R105,134,30,10,149,2,1,9,0,0
2024-01-11 20:00:00,R101,107,24,42,47,3,2,8,0,1
2024-01-11 20:05:00,R103,25,44,23,26,3,0,17,1,0
2024-01-11 20:10:00,R104,46,69,73,118,3,0,0,1,0
2024-01-11 20:15:00,R102,101,53,52,49,2,1,9,1,0
2024-01-11 20:20:00,R101,107,14,67,149,3,0,6,1,1
2024-01-11 20:25:00,R102,139,27,50,120,2,2,9,1,1
2024-01-11 20:30:00,R103,43,30,90,137,4,2,11,0,1
2024-01-11 20:35:00,R105,121,60,77,104,4,0,10,1,0
2024-01-11 20:40:00,R105,53,50,48,38,2,2,8,1,0
2024-01-11 20:45:00,R104,187,33,10,82,3,2,4,1,0
2024-01-11 20:50:00,R105,66,33,50,30,3,1,3,0,1
2024-01-11 20:55:00,R101,43,47,54,69,4,1,19,0,0
2024-01-11 21:00:00,R105,84,53,97,107,2,2,12,1,0
2024-01-11 21:05:00,R104,37,66,97,84,2,0,7,1,0
2024-01-11 21:10:00,R103,63,68,88,128,2,2,15,1,0
2024-01-11 21:15:00,R103,95,43,90,122,4,1,0,1,1
2024-01-11 21:20:00,R105,76,32,22,123,4,0,16,0,0
2024-01-11 21:25:00,R102,126,52,80,112,3,2,14,1,0
2024-01-11 21:30:00,R103,175,49,18,89,2,0,23,1,0
2024-01-11 21:35:00,R105,143,56,72,72,2,0,14,1,0
2024-01-11 21:40:00,R104,170,50,32,66,2,0,17,0,0
2024-01-11 21:45:00,R105,181,56,63,38,2,2,5,0,0
2024-01-11 21:50:00,R103,158,29,56,138,4,1,1,0,1
2024-01-11 21:55:00,R104,182,74,48,133,3,0,4,0,0
2024-01-11 22:00:00,R105,135,77,96,68,4,0,18,0,0
2024-01-11 22:05:00,R101,112,33,35,95,3,2,6,1,0
2024-01-11 22:10:00,R104,61,45,10,80,2,1,8,0,0
2024-01-11 22:15:00,R101,47,54,23,98,2,1,1,1,0
2024-01-11 22:20:00,R102,142,11,83,107,2,2,6,1,2
2024-01-11 22:25:00,R104,43,37,74,53,2,0,23,1,1
2024-01-11 22:30:00,R101,155,35,78,125,2,2,13,0,1
2024-01-11 22:35:00,R103,125,32,76,84,4,1,23,0,1
2024-01-11 22:40:00,R103,137,45,58,32,3,0,22,0,0
2024-01-11 22:45:00,R102,72,15,59,54,4,0,14,1,1
2024-01-11 22:50:00,R104,151,44,67,101,2,1,11,1,1
2024-01-11 22:55:00,R104,119,47,62,22,3,0,19,0,0
2024-01-11 23:00:00,R104,24,44,66,43,3,2,3,0,1
2024-01-11 23:05:00,R102,68,62,95,79,2,1,12,0,0
2024-01-11 23:10:00,R104,117,47,27,117,3,1,8,1,0
2024-01-11 23:15:00,R103,49,68,25,142,4,0,11,1,0
2024-01-11 23:20:00,R101,91,52,11,135,4,1,9,0,0
2024-01-11 23:25:00,R103,122,13,22,30,4,2,8,1,0
2024-01-11 23:30:00,R103,82,14,54,140,4,1,20,1,1
2024-01-11 23:35:00,R101,194,77,89,32,3,0,22,0,0
2024-01-11 23:40:00,R103,45,54,81,28,4,1,6,1,0
2024-01-11 23:45:00,R102,56,34,52,59,3,0,11,1,1
2024-01-11 23:50:00,R101,26,20,81,29,2,0,15,1,2
2024-01-11 23:55:00,R103,146,38,63,125,4,2,14,0,1
2024-01-12 00:00:00,R105,187,43,83,101,2,1,6,1,1
2024-01-12 00:05:00,R103,111,23,40,102,4,2,7,1,0
2024-01-12 00:10:00,R102,186,33,85,92,2,2,6,0,1
2024-01-12 00:15:00,R104,122,68,18,62,2,1,10,0,0
2024-01-12 00:20:00,R103,72,48,82,132,2,2,3,1,0
2024-01-12 00:25:00,R104,151,35,57,94,2,2,17,1,1
2024-01-12 00:30:00,R105,127,52,27,91,2,0,18,1,0
2024-01-12 00:35:00,R103,131,45,96,18,3,2,6,0,0
2024-01-12 00:40:00,R101,172,48,20,13,3,1,12,0,0
2024-01-12 00:45:00,R104,26,70,71,34,4,0,8,1,0
2024-01-12 00:50:00,R105,175,25,93,43,3,2,17,0,1
2024-01-12 00:55:00,R101,86,68,28,82,2,2,6,0,0
2024-01-12 01:00:00,R101,127,15,99,146,3,1,19,0,2
2024-01-12 01:05:00,R101,130,65,83,91,3,2,15,0,0
2024-01-12 01:10:00,R101,167,17,33,146,2,1,22,0,0
2024-01-12 01:15:00,R103,102,36,22,13,3,2,4,0,0
2024-01-12 01:20:00,R103,143,36,55,16,2,2,6,1,1
2024-01-12 01:25:00,R103,158,55,62,24,3,1,5,1,0
2024-01-12 01:30:00,R105,123,50,38,47,2,0,1,1,0
2024-01-12 01:35:00,R105,86,34,45,100,4,1,6,0,1
2024-01-12 01:40:00,R105,26,27,80,61,3,0,20,1,1
2024-01-12 01:45:00,R102,170,21,26,90,4,0,8,1,0
2024-01-12 01:50:00,R105,129,60,57,109,2,1,12,0,0
2024-01-12 01:55:00,R103,53,48,86,16,2,1,16,1,0
2024-01-12 02:00:00,R103,125,19,33,116,4,2,16,1,0
2024-01-12 02:05:00,R102,166,63,63,54,2,2,14,1,0
2024-01-12 02:10:00,R102,77,38,94,68,2,0,17,1,1
2024-01-12 02:15:00,R105,28,50,10,131,2,2,23,0,0
2024-01-12 02:20:00,R104,67,18,88,30,2,1,14,1,2
2024-01-12 02:25:00,R102,134,72,76,12,2,0,10,0,0
2024-01-12 02:30:00,R101,60,46,15,11,2,2,11,0,0
2024-01-12 02:35:00,R103,67,23,87,38,2,2,22,1,2
2024-01-12 02:40:00,R101,192,48,64,46,2,1,16,0,0
2024-01-12 02:45:00,R103,44,49,47,54,4,1,11,0,0
2024-01-12 02:50:00,R103,135,63,42,129,3,2,6,0,0
2024-01-12 02:55:00,R102,97,12,17,55,2,0,23,0,0
2024-01-12 03:00:00,R102,127,64,99,149,4,0,6,1,0
2024-01-12 03:05:00,R101,44,42,88,62,2,1,20,1,1
2024-01-12 03:10:00,R103,166,28,87,54,3,1,22,0,1
2024-01-12 03:15:00,R101,58,43,29,41,2,1,9,0,0
2024-01-12 03:20:00,R104,138,59,64,27,4,2,15,0,0
2024-01-12 03:25:00,R101,98,56,57,22,4,2,10,0,0
2024-01-12 03:30:00,R105,99,55,92,141,3,1,15,1,0
2024-01-12 03:35:00,R101,46,65,65,32,2,0,1,0,0
2024-01-12 03:40:00,R105,123,66,97,71,4,1,1,1,0
2024-01-12 03:45:00,R105,93,60,19,63,3,1,17,0,0
2024-01-12 03:50:00,R105,87,63,61,78,3,0,4,0,0
2024-01-12 03:55:00,R104,166,37,59,23,2,0,13,0,1
2024-01-12 04:00:00,R101,47,28,43,107,4,0,7,1,1
2024-01-12 04:05:00,R101,142,36,45,37,2,0,5,1,1
2024-01-12 04:10:00,R104,180,57,70,104,2,2,8,1,0
2024-01-12 04:15:00,R103,157,28,25,80,2,2,5,0,0
2024-01-12 04:20:00,R102,102,60,88,76,4,1,20,1,0
2024-01-12 04:25:00,R101,49,16,27,109,3,2,16,0,0
2024-01-12 04:30:00,R102,41,38,80,70,2,1,7,0,1
2024-01-12 04:35:00,R104,22,52,56,112,2,1,2,1,0
2024-01-12 04:40:00,R103,120,78,95,146,4,0,11,0,0
2024-01-12 04:45:00,R103,124,67,41,128,2,0,12,1,0
2024-01-12 04:50:00,R103,195,17,52,26,3,2,17,0,1
2024-01-12 04:55:00,R104,21,51,92,58,2,2,22,0,0
2024-01-12 05:00:00,R105,73,51,49,87,3,2,10,0,0
2024-01-12 05:05:00,R105,25,22,74,55,2,2,1,0,2
2024-01-12 05:10:00,R102,126,35,44,102,2,0,13,0,1
2024-01-12 05:15:00,R105,187,27,78,130,2,0,0,1,1
2024-01-12 05:20:00,R105,142,51,59,22,3,2,14,0,0
2024-01-12 05:25:00,R103,21,60,21,54,2,1,17,0,0
2024-01-12 05:30:00,R103,130,25,85,26,2,0,21,1,1
2024-01-12 05:35:00,R102,21,12,94,56,2,0,17,1,2
2024-01-12 05:40:00,R101,112,54,67,71,3,0,16,0,0
2024-01-12 05:45:00,R102,120,31,92,52,2,0,0,1,1
2024-01-12 05:50:00,R102,116,32,72,77,4,2,13,0,1
2024-01-12 05:55:00,R104,130,68,82,133,3,2,19,1,0
2024-01-12 06:00:00,R104,25,71,58,118,4,1,23,1,0
2024-01-12 06:05:00,R102,146,77,45,37,2,0,21,0,0
2024-01-12 06:10:00,R102,123,63,63,103,3,2,15,1,0
2024-01-12 06:15:00,R102,166,66,56,127,3,2,3,0,0
2024-01-12 06:20:00,R105,174,32,41,100,2,0,21,0,1
2024-01-12 06:25:00,R104,20,69,62,93,4,2,5,0,0
2024-01-12 06:30:00,R102,52,64,41,42,3,2,15,1,0
2024-01-12 06:35:00,R103,59,72,71,34,3,2,19,0,0
2024-01-12 06:40:00,R103,51,65,46,28,3,1,5,1,0
2024-01-12 06:45:00,R105,36,64,47,115,3,2,14,0,0
2024-01-12 06:50:00,R105,145,34,39,42,3,0,0,1,0
2024-01-12 06:55:00,R101,27,35,67,76,2,0,6,1,1
2024-01-12 07:00:00,R101,76,58,41,51,3,0,22,1,0
2024-01-12 07:05:00,R101,61,72,75,104,4,2,10,1,0
2024-01-12 07:10:00,R105,117,54,60,56,3,1,0,0,0
2024-01-12 07:15:00,R105,156,48,20,44,2,2,7,0,0
2024-01-12 07:20:00,R105,139,74,68,126,2,0,13,0,0
2024-01-12 07:25:00,R103,106,78,29,85,4,1,4,0,0
2024-01-12 07:30:00,R105,182,65,46,137,3,1,12,1,0
2024-01-12 07:35:00,R103,73,18,82,64,4,2,14,0,2
2024-01-12 07:40:00,R101,103,79,58,107,4,0,8,1,0
2024-01-12 07:45:00,R101,44,37,28,117,4,2,7,1,0
2024-01-12 07:50:00,R101,86,54,64,58,4,0,18,0,0
2024-01-12 07:55:00,R102,193,35,49,122,3,1,16,0,1
2024-01-12 08:00:00,R102,171,37,16,143,2,2,18,0,0
2024-01-12 08:05:00,R104,65,49,14,79,2,1,17,0,0
2024-01-12 08:10:00,R104,41,24,51,95,3,0,17,0,1
2024-01-12 08:15:00,R104,158,15,97,145,4,1,3,1,2
2024-01-12 08:20:00,R102,195,36,57,48,3,1,1,0,1
2024-01-12 08:25:00,R102,27,47,16,140,4,1,23,0,0
2024-01-12 08:30:00,R104,58,77,20,19,4,2,4,0,0
2024-01-12 08:35:00,R104,182,73,82,12,3,0,16,1,0
2024-01-12 08:40:00,R105,68,39,58,55,3,1,21,0,1
2024-01-12 08:45:00,R104,65,12,39,76,4,1,6,1,0
2024-01-12 08:50:00,R105,57,71,50,106,4,1,15,1,0
2024-01-12 08:55:00,R103,155,21,12,28,4,1,0,1,0
2024-01-12 09:00:00,R102,73,39,95,71,4,0,11,0,1
2024-01-12 09:05:00,R104,184,47,49,107,3,0,18,1,0
2024-01-12 09:10:00,R102,111,69,60,66,2,2,8,1,0
2024-01-12 09:15:00,R102,59,47,93,104,2,0,15,1,0
2024-01-12 09:20:00,R102,53,24,41,116,4,0,6,0,1
2024-01-12 09:25:00,R103,115,27,57,97,2,1,14,1,1
2024-01-12 09:30:00,R101,98,61,80,124,2,2,11,0,0
2024-01-12 09:35:00,R104,146,38,80,128,2,2,3,1,1
2024-01-12 09:40:00,R101,36,69,29,61,2,1,5,1,0
2024-01-12 09:45:00,R101,180,30,98,50,2,2,5,0,1
2024-01-12 09:50:00,R101,194,26,44,57,2,0,14,1,1
2024-01-12 09:55:00,R102,129,27,33,100,4,2,2,1,0
2024-01-12 10:00:00,R105,71,66,49,48,4,1,1,1,0
2024-01-12 10:05:00,R102,137,46,86,22,4,2,4,0,0
2024-01-12 10:10:00,R102,28,69,61,141,3,2,7,0,0
2024-01-12 10:15:00,R101,52,47,48,105,2,2,18,0,0
2024-01-12 10:20:00,R102,132,21,77,118,2,1,20,1,2
2024-01-12 10:25:00,R101,168,10,70,113,3,0,15,1,1
2024-01-12 10:30:00,R105,104,67,85,107,2,2,18,1,0
2024-01-12 10:35:00,R104,29,12,90,52,4,0,22,0,2
2024-01-12 10:40:00,R101,25,72,74,97,4,0,15,0,0
2024-01-12 10:45:00,R105,134,30,71,102,3,0,5,0,1
2024-01-12 10:50:00,R104,140,32,90,135,4,2,21,1,1
2024-01-12 10:55:00,R103,160,18,11,118,3,0,0,0,0
2024-01-12 11:00:00,R101,84,64,15,56,4,2,17,0,0
2024-01-12 11:05:00,R101,39,28,84,101,2,2,21,1,1
2024-01-12 11:10:00,R103,76,71,52,50,4,2,7,0,0
2024-01-12 11:15:00,R103,65,48,91,12,3,0,4,1,0
2024-01-12 11:20:00,R101,155,36,49,130,2,2,11,1,1
2024-01-12 11:25:00,R103,29,55,98,86,3,1,17,0,0
2024-01-12 11:30:00,R102,132,43,48,104,2,1,4,0,1
2024-01-12 11:35:00,R104,158,42,37,22,2,1,21,1,0
2024-01-12 11:40:00,R104,31,59,89,114,4,2,12,0,0
2024-01-12 11:45:00,R104,157,29,72,27,4,1,20,1,1
2024-01-12 11:50:00,R102,172,49,73,46,2,2,21,0,0
2024-01-12 11:55:00,R103,196,67,21,64,4,2,11,0,0
2024-01-12 12:00:00,R105,196,40,50,61,4,2,15,1,1
2024-01-12 12:05:00,R103,30,47,38,45,3,0,13,1,0
2024-01-12 12:10:00,R101,137,54,32,123,4,1,10,0,0
2024-01-12 12:15:00,R104,183,50,94,61,2,2,8,0,0
2024-01-12 12:20:00,R103,58,18,89,28,4,1,22,1,2
2024-01-12 12:25:00,R105,72,18,60,149,2,1,9,0,1
2024-01-12 12:30:00,R101,75,72,54,101,2,0,15,0,0
2024-01-12 12:35:00,R102,123,31,99,148,3,1,18,0,1
2024-01-12 12:40:00,R102,148,25,31,57,2,2,9,1,0
2024-01-12 12:45:00,R105,75,41,19,110,2,2,20,0,0
2024-01-12 12:50:00,R101,137,75,16,108,3,1,3,0,0
2024-01-12 12:55:00,R104,151,23,82,56,2,1,20,0,2
2024-01-12 13:00:00,R103,49,47,98,76,3,0,7,1,0
2024-01-12 13:05:00,R101,31,17,24,40,2,2,10,1,0
2024-01-12 13:10:00,R102,54,30,86,85,4,1,5,0,1
2024-01-12 13:15:00,R105,96,65,55,17,3,1,3,1,0
2024-01-12 13:20:00,R105,199,55,99,53,3,2,20,1,0
2024-01-12 13:25:00,R103,178,52,94,44,2,1,22,0,0
2024-01-12 13:30:00,R105,121,55,96,23,3,0,23,0,0
2024-01-12 13:35:00,R105,106,57,70,119,2,1,4,1,0
2024-01-12 13:40:00,R101,71,79,70,13,3,1,17,0,0
2024-01-12 13:45:00,R104,99,40,60,121,3,0,21,0,1
2024-01-12 13:50:00,R103,154,42,47,78,4,0,2,0,1
2024-01-12 13:55:00,R101,41,53,21,58,2,0,6,0,0
2024-01-12 14:00:00,R104,94,17,97,64,4,2,23,1,2
2024-01-12 14:05:00,R101,77,11,86,90,3,1,21,1,2
2024-01-12 14:10:00,R101,112,26,75,149,2,1,11,0,1
2024-01-12 14:15:00,R105,122,61,63,148,4,0,2,0,0
2024-01-12 14:20:00,R104,159,54,48,124,3,2,16,1,0
2024-01-12 14:25:00,R103,26,46,85,84,4,0,2,0,0
2024-01-12 14:30:00,R103,147,51,48,107,3,1,10,0,0
2024-01-12 14:35:00,R104,74,53,87,136,3,2,5,0,0
2024-01-12 14:40:00,R105,125,47,39,120,2,2,10,1,0
2024-01-12 14:45:00,R102,81,15,57,110,2,1,3,0,1
2024-01-12 14:50:00,R101,109,77,92,123,2,2,16,0,0
2024-01-12 14:55:00,R105,117,60,40,38,3,2,21,0,0
2024-01-12 15:00:00,R104,96,44,34,71,4,0,0,0,0
2024-01-12 15:05:00,R101,138,67,77,62,2,2,11,0,0
2024-01-12 15:10:00,R103,55,66,60,126,2,0,23,1,0
2024-01-12 15:15:00,R102,108,15,22,100,2,2,2,0,0
2024-01-12 15:20:00,R103,171,22,72,115,2,0,15,1,2
2024-01-12 15:25:00,R104,191,68,51,95,3,0,2,1,0
2024-01-12 15:30:00,R101,164,39,63,137,4,2,13,0,1
2024-01-12 15:35:00,R104,149,11,76,109,3,0,16,0,2
2024-01-12 15:40:00,R101,160,67,89,103,3,1,18,0,0
2024-01-12 15:45:00,R105,178,45,99,85,3,1,6,0,0
2024-01-12 15:50:00,R102,112,54,65,12,2,2,23,0,0
2024-01-12 15:55:00,R105,133,18,28,90,4,2,10,0,0
2024-01-12 16:00:00,R105,47,74,55,114,3,2,15,0,0
2024-01-12 16:05:00,R104,174,59,24,41,3,1,23,0,0
2024-01-12 16:10:00,R102,162,41,41,17,3,2,18,0,1
2024-01-12 16:15:00,R101,52,52,58,96,2,2,4,0,0
2024-01-12 16:20:00,R101,39,63,30,39,2,0,0,1,0
2024-01-12 16:25:00,R103,189,56,74,83,3,2,23,0,0
2024-01-12 16:30:00,R101,159,23,79,132,2,1,9,0,2
2024-01-12 16:35:00,R104,120,57,36,130,4,1,17,0,0
2024-01-12 16:40:00,R105,42,64,32,47,2,2,9,1,0
2024-01-12 16:45:00,R105,131,38,56,124,3,1,0,1,1
2024-01-12 16:50:00,R105,33,56,21,118,4,0,12,1,0
2024-01-12 16:55:00,R102,110,72,94,87,2,0,3,0,0
2024-01-12 17:00:00,R101,172,28,75,45,3,2,11,1,1
2024-01-12 17:05:00,R104,96,18,14,99,4,2,23,0,0
2024-01-12 17:10:00,R102,104,46,18,49,4,0,15,0,0
2024-01-12 17:15:00,R103,128,61,29,83,4,0,18,1,0
2024-01-12 17:20:00,R104,50,66,91,55,2,2,11,0,0
2024-01-12 17:25:00,R104,141,37,72,116,4,1,5,1,1
2024-01-12 17:30:00,R104,126,45,95,109,2,2,15,1,0
2024-01-12 17:35:00,R105,73,73,81,70,3,2,11,1,0
2024-01-12 17:40:00,R104,152,27,82,12,2,2,23,0,1
2024-01-12 17:45:00,R101,160,44,80,91,2,2,9,0,1
2024-01-12 17:50:00,R104,175,77,39,16,3,2,4,0,0
2024-01-12 17:55:00,R105,62,48,91,40,2,2,18,0,0
2024-01-12 18:00:00,R104,108,17,25,74,2,2,11,1,0
2024-01-12 18:05:00,R103,134,24,94,104,3,1,7,0,2
2024-01-12 18:10:00,R103,118,16,14,73,4,2,3,1,0
2024-01-12 18:15:00,R105,66,26,38,86,3,0,6,0,0
2024-01-12 18:20:00,R101,90,73,56,12,4,2,23,1,0
2024-01-12 18:25:00,R101,185,21,31,102,2,1,22,1,0
2024-01-12 18:30:00,R102,86,65,87,44,3,0,4,0,0
2024-01-12 18:35:00,R105,81,55,66,24,4,2,10,1,0
2024-01-12 18:40:00,R104,128,56,92,30,2,2,16,0,0
2024-01-12 18:45:00,R105,186,25,44,71,2,0,23,0,1
2024-01-12 18:50:00,R102,56,78,97,92,2,2,20,1,0
2024-01-12 18:55:00,R105,138,11,69,13,4,1,2,0,1
2024-01-12 19:00:00,R105,105,63,79,76,4,2,1,1,0
2024-01-12 19:05:00,R102,145,36,69,103,4,1,18,0,1
2024-01-12 19:10:00,R101,155,40,67,67,2,2,1,1,1
2024-01-12 19:15:00,R104,71,50,12,139,4,0,13,1,0
2024-01-12 19:20:00,R102,110,45,43,34,3,1,0,0,0
2024-01-12 19:25:00,R103,52,56,54,20,4,2,15,0,0
2024-01-12 19:30:00,R101,100,52,59,10,4,2,14,1,0
2024-01-12 19:35:00,R103,61,74,11,57,2,0,17,0,0
2024-01-12 19:40:00,R101,131,59,24,122,3,0,1,1,0
2024-01-12 19:45:00,R104,145,10,46,147,3,1,10,0,1
2024-01-12 19:50:00,R104,174,66,24,90,3,1,20,1,0
2024-01-12 19:55:00,R105,155,25,69,39,4,1,16,0,1
2024-01-12 20:00:00,R103,170,37,94,123,2,2,12,1,1
2024-01-12 20:05:00,R101,125,31,73,28,4,2,11,0,1
2024-01-12 20:10:00,R104,144,50,90,119,2,1,23,0,0
2024-01-12 20:15:00,R102,132,28,61,43,3,2,1,1,1
2024-01-12 20:20:00,R104,83,59,32,41,4,0,21,1,0
2024-01-12 20:25:00,R102,142,68,46,85,2,2,20,1,0
2024-01-12 20:30:00,R101,133,78,50,135,4,1,17,1,0
2024-01-12 20:35:00,R104,39,43,66,143,2,2,9,1,1
2024-01-12 20:40:00,R104,35,48,34,95,3,0,11,1,0
2024-01-12 20:45:00,R101,164,16,46,84,4,1,16,0,1
2024-01-12 20:50:00,R104,38,61,49,144,3,1,21,0,0
2024-01-12 20:55:00,R102,139,69,94,54,4,1,13,1,0
2024-01-12 21:00:00,R104,155,61,55,74,4,1,21,0,0
2024-01-12 21:05:00,R103,185,33,69,103,2,2,18,1,1
2024-01-12 21:10:00,R105,57,35,28,28,2,0,12,0,0
2024-01-12 21:15:00,R102,112,19,18,128,2,2,23,1,0
2024-01-12 21:20:00,R103,124,26,78,56,3,2,2,1,1
2024-01-12 21:25:00,R101,119,11,14,55,3,1,7,0,0
2024-01-12 21:30:00,R102,109,36,98,38,4,0,4,1,1
2024-01-12 21:35:00,R105,178,57,35,109,2,2,21,0,0
2024-01-12 21:40:00,R105,63,18,28,74,3,0,11,0,0
2024-01-12 21:45:00,R101,95,32,39,137,4,0,0,0,0
2024-01-12 21:50:00,R101,164,36,57,60,3,0,20,0,1
2024-01-12 21:55:00,R102,98,52,25,31,4,0,15,0,0
2024-01-12 22:00:00,R104,92,16,80,119,2,2,11,0,2
2024-01-12 22:05:00,R101,186,72,27,80,4,0,22,0,0
2024-01-12 22:10:00,R104,189,53,65,42,4,2,16,0,0
2024-01-12 22:15:00,R103,195,48,30,136,2,0,8,0,0
2024-01-12 22:20:00,R105,159,49,40,118,2,0,12,0,0
2024-01-12 22:25:00,R104,115,16,10,109,4,2,22,1,0
2024-01-12 22:30:00,R105,108,79,12,53,3,1,3,0,0
2024-01-12 22:35:00,R104,122,34,34,16,2,2,3,0,0
2024-01-12 22:40:00,R103,165,68,17,137,4,0,14,1,0
2024-01-12 22:45:00,R101,25,22,74,100,2,2,9,1,2
2024-01-12 22:50:00,R103,141,71,71,139,2,0,22,1,0
2024-01-12 22:55:00,R101,190,17,16,26,3,2,5,1,0
2024-01-12 23:00:00,R101,135,54,16,74,2,2,2,0,0
2024-01-12 23:05:00,R105,182,27,17,119,4,2,14,0,0
2024-01-12 23:10:00,R103,81,69,28,39,4,1,5,0,0
2024-01-12 23:15:00,R104,163,69,26,101,2,2,10,1,0
2024-01-12 23:20:00,R103,155,11,20,84,2,2,1,1,0
2024-01-12 23:25:00,R105,108,75,58,114,3,1,1,0,0
2024-01-12 23:30:00,R101,115,23,20,40,3,1,0,1,0
2024-01-12 23:35:00,R105,145,57,50,106,3,0,10,0,0
2024-01-12 23:40:00,R102,109,65,71,60,4,0,4,1,0
2024-01-12 23:45:00,R102,105,21,61,67,3,2,5,1,1
2024-01-12 23:50:00,R104,178,64,75,43,4,0,2,0,0
2024-01-12 23:55:00,R105,157,37,77,30,3,2,19,0,1
2024-01-13 00:00:00,R104,140,13,84,46,4,1,4,0,2
2024-01-13 00:05:00,R104,95,45,76,73,2,1,19,1,0
2024-01-13 00:10:00,R102,111,59,49,133,4,2,8,1,0
2024-01-13 00:15:00,R104,89,12,14,110,2,0,18,0,0
2024-01-13 00:20:00,R102,167,10,94,128,4,0,4,0,2
2024-01-13 00:25:00,R101,152,26,31,94,4,0,22,0,0
2024-01-13 00:30:00,R105,42,71,46,87,2,2,11,1,0
2024-01-13 00:35:00,R104,156,57,20,113,4,0,11,1,0
2024-01-13 00:40:00,R102,77,71,53,81,4,1,15,0,0
2024-01-13 00:45:00,R103,65,78,95,112,3,1,6,0,0
2024-01-13 00:50:00,R104,41,28,62,86,2,1,13,0,1
2024-01-13 00:55:00,R101,27,43,86,119,2,1,21,1,1
2024-01-13 01:00:00,R101,142,58,70,28,3,1,8,1,0
2024-01-13 01:05:00,R103,39,56,76,139,3,1,14,0,0
2024-01-13 01:10:00,R102,198,59,22,143,2,1,22,1,0
2024-01-13 01:15:00,R104,97,35,20,142,2,1,10,0,0
2024-01-13 01:20:00,R102,58,65,20,71,2,1,3,0,0
2024-01-13 01:25:00,R101,56,23,94,112,3,2,10,0,2
2024-01-13 01:30:00,R102,197,34,94,109,3,2,8,1,1
2024-01-13 01:35:00,R101,181,13,16,61,4,1,5,0,0
2024-01-13 01:40:00,R102,94,41,26,58,3,1,16,0,0
2024-01-13 01:45:00,R103,137,74,57,109,4,1,8,1,0
2024-01-13 01:50:00,R105,123,70,23,135,4,0,22,0,0
2024-01-13 01:55:00,R103,180,29,72,127,3,2,5,0,1
2024-01-13 02:00:00,R103,50,19,73,63,3,1,5,0,2
2024-01-13 02:05:00,R105,142,43,84,128,3,2,3,0,1
2024-01-13 02:10:00,R105,73,70,86,142,3,1,19,1,0
2024-01-13 02:15:00,R104,191,36,74,146,2,0,10,1,1
2024-01-13 02:20:00,R104,53,49,43,107,3,1,2,0,0
2024-01-13 02:25:00,R103,141,74,18,45,4,2,23,1,0
2024-01-13 02:30:00,R103,132,42,86,90,4,2,23,1,1
2024-01-13 02:35:00,R101,81,77,46,94,2,2,17,1,0
2024-01-13 02:40:00,R101,42,18,39,92,2,2,15,1,0
2024-01-13 02:45:00,R104,65,25,50,72,3,1,20,1,1
2024-01-13 02:50:00,R104,75,14,54,76,2,0,15,1,1
2024-01-13 02:55:00,R101,154,32,56,12,3,0,11,1,1
2024-01-13 03:00:00,R101,137,52,16,51,3,1,13,1,0
2024-01-13 03:05:00,R102,150,66,23,33,2,1,8,0,0
2024-01-13 03:10:00,R102,185,60,57,53,2,2,6,0,0
2024-01-13 03:15:00,R101,181,22,15,138,4,1,13,0,0
2024-01-13 03:20:00,R102,132,33,43,124,2,0,19,0,1
2024-01-13 03:25:00,R105,63,20,89,45,2,1,19,0,2
2024-01-13 03:30:00,R104,147,61,55,47,2,1,9,0,0
2024-01-13 03:35:00,R104,127,26,68,91,4,0,10,0,1
2024-01-13 03:40:00,R101,177,46,79,38,3,0,6,0,0
2024-01-13 03:45:00,R103,36,22,17,50,4,1,18,1,0
2024-01-13 03:50:00,R101,78,71,33,97,2,2,18,0,0
2024-01-13 03:55:00,R102,157,17,76,57,2,2,20,0,2
2024-01-13 04:00:00,R103,118,65,13,123,2,2,10,1,0
2024-01-13 04:05:00,R102,103,79,10,31,3,0,5,1,0
2024-01-13 04:10:00,R105,165,53,43,108,4,0,7,0,0
2024-01-13 04:15:00,R102,64,69,18,26,4,2,0,0,0
2024-01-13 04:20:00,R105,127,50,72,95,3,1,22,0,0
2024-01-13 04:25:00,R105,81,30,85,142,4,1,7,1,1
2024-01-13 04:30:00,R102,78,51,19,70,3,1,4,0,0
2024-01-13 04:35:00,R102,196,38,19,98,3,0,9,1,0
2024-01-13 04:40:00,R105,179,74,59,143,4,0,1,0,0
2024-01-13 04:45:00,R103,157,26,53,90,4,2,3,1,1
2024-01-13 04:50:00,R105,30,39,57,104,3,1,21,1,1
2024-01-13 04:55:00,R104,121,35,96,68,4,0,1,1,1
2024-01-13 05:00:00,R105,89,62,15,63,3,0,14,0,0
2024-01-13 05:05:00,R103,142,28,97,135,4,2,19,0,1
2024-01-13 05:10:00,R104,194,62,33,57,4,1,9,1,0
2024-01-13 05:15:00,R101,53,26,94,77,4,0,20,1,1
2024-01-13 05:20:00,R101,120,55,67,116,4,0,23,1,0
2024-01-13 05:25:00,R103,164,62,73,87,4,0,23,0,0
2024-01-13 05:30:00,R105,123,73,65,86,2,0,1,1,0
2024-01-13 05:35:00,R102,59,54,91,36,2,1,5,0,0
2024-01-13 05:40:00,R103,38,58,21,97,4,2,21,0,0
2024-01-13 05:45:00,R104,86,28,44,81,4,1,13,1,1
2024-01-13 05:50:00,R104,101,74,80,56,4,2,4,1,0
2024-01-13 05:55:00,R101,83,46,98,112,3,0,23,0,0
2024-01-13 06:00:00,R104,102,79,15,30,2,1,1,0,0
2024-01-13 06:05:00,R103,66,35,74,124,3,2,13,0,1
2024-01-13 06:10:00,R104,25,11,89,66,2,2,12,1,2
2024-01-13 06:15:00,R103,35,68,69,114,2,0,1,0,0
2024-01-13 06:20:00,R102,165,14,77,104,4,2,22,0,2
2024-01-13 06:25:00,R101,199,46,38,119,4,2,8,1,0
2024-01-13 06:30:00,R104,195,40,47,36,3,2,2,0,1
2024-01-13 06:35:00,R103,190,57,31,137,3,0,14,1,0
2024-01-13 06:40:00,R105,58,15,17,85,4,1,22,1,0
2024-01-13 06:45:00,R101,196,24,72,44,4,0,2,1,2
2024-01-13 06:50:00,R102,132,24,22,107,2,2,11,1,0
2024-01-13 06:55:00,R103,159,70,36,45,2,2,5,1,0
2024-01-13 07:00:00,R102,157,25,27,75,4,1,18,1,0
2024-01-13 07:05:00,R102,90,29,27,65,2,2,16,1,0
2024-01-13 07:10:00,R104,129,53,86,103,3,1,5,1,0
2024-01-13 07:15:00,R104,74,51,95,115,2,2,18,1,0
2024-01-13 07:20:00,R103,148,55,71,93,4,2,16,0,0
2024-01-13 07:25:00,R105,68,43,23,145,2,0,15,1,0
2024-01-13 07:30:00,R103,183,73,20,27,4,0,20,0,0
2024-01-13 07:35:00,R105,40,38,95,134,2,1,7,0,1
2024-01-13 07:40:00,R102,56,12,26,11,3,0,23,1,0
2024-01-13 07:45:00,R101,135,18,60,85,3,1,23,1,1
2024-01-13 07:50:00,R103,43,34,23,147,4,0,18,1,0
2024-01-13 07:55:00,R103,74,51,66,35,4,1,7,0,0
2024-01-13 08:00:00,R105,44,55,15,56,4,2,19,1,0
2024-01-13 08:05:00,R102,154,68,66,39,2,1,14,0,0
2024-01-13 08:10:00,R102,146,30,13,65,2,0,7,0,0
2024-01-13 08:15:00,R105,112,31,20,128,2,1,2,0,0
2024-01-13 08:20:00,R102,113,38,83,141,3,0,15,1,1
2024-01-13 08:25:00,R104,90,72,20,148,4,2,2,1,0
2024-01-13 08:30:00,R101,141,70,88,139,2,0,0,0,0
2024-01-13 08:35:00,R103,43,73,17,149,3,2,7,0,0
2024-01-13 08:40:00,R101,30,78,93,30,4,2,23,0,0
2024-01-13 08:45:00,R103,92,49,68,77,3,0,8,0,0
2024-01-13 08:50:00,R104,31,10,30,135,4,2,21,1,0
2024-01-13 08:55:00,R102,54,74,74,52,2,0,11,1,0
2024-01-13 09:00:00,R105,160,71,33,109,3,1,17,0,0
2024-01-13 09:05:00,R104,42,63,39,132,3,2,16,0,0
2024-01-13 09:10:00,R101,102,69,93,102,3,1,7,0,0
2024-01-13 09:15:00,R105,186,55,66,149,4,1,19,1,0
2024-01-13 09:20:00,R102,107,14,89,138,4,0,10,1,2
2024-01-13 09:25:00,R104,99,31,82,125,3,0,6,0,1
2024-01-13 09:30:00,R105,116,62,26,124,4,2,13,1,0
2024-01-13 09:35:00,R104,159,79,68,128,3,0,9,1,0
2024-01-13 09:40:00,R104,53,41,40,102,2,1,14,0,0
2024-01-13 09:45:00,R102,94,20,73,18,3,1,11,1,2
2024-01-13 09:50:00,R103,178,19,57,82,3,1,19,1,1
2024-01-13 09:55:00,R105,147,48,32,35,4,2,16,1,0
2024-01-13 10:00:00,R102,160,40,79,115,4,0,7,1,1
2024-01-13 10:05:00,R104,50,21,39,77,4,1,13,1,0
2024-01-13 10:10:00,R102,149,47,64,119,2,2,14,1,0
2024-01-13 10:15:00,R103,122,76,16,140,2,0,10,0,0
2024-01-13 10:20:00,R105,34,75,84,34,2,0,11,0,0
2024-01-13 10:25:00,R103,76,61,21,30,4,1,19,0,0
2024-01-13 10:30:00,R101,94,14,69,149,3,2,15,1,1
2024-01-13 10:35:00,R105,53,20,61,63,3,1,19,1,1
2024-01-13 10:40:00,R103,122,34,36,10,3,1,17,1,0
2024-01-13 10:45:00,R104,94,44,21,137,4,2,9,0,0
2024-01-13 10:50:00,R105,48,44,22,10,4,1,18,0,0
2024-01-13 10:55:00,R105,35,31,81,144,2,2,17,1,1
2024-01-13 11:00:00,R102,186,46,89,19,4,2,0,1,0
2024-01-13 11:05:00,R104,96,64,71,49,3,1,21,1,0
2024-01-13 11:10:00,R101,56,73,38,148,2,1,3,1,0
2024-01-13 11:15:00,R103,100,29,44,54,2,0,22,1,1
2024-01-13 11:20:00,R102,168,13,69,96,4,0,6,0,1
2024-01-13 11:25:00,R103,191,27,38,36,2,2,0,0,0
2024-01-13 11:30:00,R101,143,60,40,59,2,2,7,1,0
2024-01-13 11:35:00,R101,38,77,86,70,4,2,16,0,0
2024-01-13 11:40:00,R105,121,29,85,22,2,0,7,1,1
2024-01-13 11:45:00,R101,155,18,70,149,3,1,4,0,1
2024-01-13 11:50:00,R103,96,35,11,94,4,1,0,1,0
2024-01-13 11:55:00,R104,60,34,42,93,3,0,14,1,1
2024-01-13 12:00:00,R104,80,77,81,29,3,1,3,1,0
2024-01-13 12:05:00,R105,45,50,71,40,3,1,6,1,0
2024-01-13 12:10:00,R103,90,68,68,17,3,1,13,0,0
2024-01-13 12:15:00,R103,122,54,49,33,2,0,11,1,0
2024-01-13 12:20:00,R101,89,50,58,42,2,2,20,1,0
2024-01-13 12:25:00,R103,126,47,41,51,4,1,2,1,0
2024-01-13 12:30:00,R102,176,28,47,148,4,1,19,1,1
2024-01-13 12:35:00,R101,126,23,88,103,3,2,17,0,2
2024-01-13 12:40:00,R102,122,30,96,46,3,1,7,0,1
2024-01-13 12:45:00,R105,38,24,97,43,4,1,1,0,2
2024-01-13 12:50:00,R104,87,12,22,62,4,2,5,1,0
2024-01-13 12:55:00,R105,89,46,94,149,4,0,6,0,0
2024-01-13 13:00:00,R104,132,55,63,105,4,0,6,1,0
2024-01-13 13:05:00,R105,76,25,85,114,3,1,12,0,1
2024-01-13 13:10:00,R103,184,23,22,57,4,1,0,0,0
2024-01-13 13:15:00,R102,80,18,48,49,2,2,7,1,1
2024-01-13 13:20:00,R104,111,16,32,97,3,2,22,0,0
2024-01-13 13:25:00,R101,49,23,23,52,2,1,12,1,0
2024-01-13 13:30:00,R102,172,15,26,26,4,1,23,0,0
2024-01-13 13:35:00,R101,146,24,33,111,2,0,19,1,0
2024-01-13 13:40:00,R102,134,61,67,120,4,0,23,1,0
2024-01-13 13:45:00,R102,25,43,72,79,2,0,18,1,1
2024-01-13 13:50:00,R105,37,10,43,69,3,0,16,1,1
2024-01-13 13:55:00,R104,29,78,60,86,2,2,12,0,0
2024-01-13 14:00:00,R104,111,29,95,44,3,0,15,1,1
2024-01-13 14:05:00,R102,158,16,19,25,2,0,23,0,0
2024-01-13 14:10:00,R103,96,16,81,47,2,1,14,1,2
2024-01-13 14:15:00,R103,120,59,30,41,3,0,10,1,0
2024-01-13 14:20:00,R101,103,11,46,16,3,1,11,1,1
2024-01-13 14:25:00,R101,71,56,16,55,4,1,21,1,0
2024-01-13 14:30:00,R105,50,23,99,27,3,0,2,0,2
2024-01-13 14:35:00,R102,164,40,22,80,3,0,23,0,0
2024-01-13 14:40:00,R101,129,59,89,49,4,1,8,1,0
2024-01-13 14:45:00,R101,112,70,39,97,3,2,13,0,0
2024-01-13 14:50:00,R102,183,50,40,87,3,1,6,0,0
2024-01-13 14:55:00,R105,173,23,14,14,2,2,10,1,0
2024-01-13 15:00:00,R101,72,14,41,95,4,2,9,0,1
2024-01-13 15:05:00,R105,164,14,25,31,4,0,2,1,0
2024-01-13 15:10:00,R104,105,73,82,83,2,0,18,1,0
2024-01-13 15:15:00,R105,172,38,31,99,4,0,1,0,0
2024-01-13 15:20:00,R103,21,14,73,88,2,0,16,0,2
2024-01-13 15:25:00,R103,105,45,53,128,3,1,1,1,0
2024-01-13 15:30:00,R105,152,28,49,138,4,2,20,1,1
2024-01-13 15:35:00,R103,23,73,46,87,3,1,15,1,0
2024-01-13 15:40:00,R104,183,31,87,45,4,2,16,0,1
2024-01-13 15:45:00,R102,25,43,25,104,3,1,9,1,0
2024-01-13 15:50:00,R103,168,65,52,37,4,2,3,1,0
2024-01-13 15:55:00,R103,137,26,93,107,4,0,10,1,1
2024-01-13 16:00:00,R105,108,65,72,44,3,2,16,1,0
2024-01-13 16:05:00,R104,173,26,24,71,2,0,23,1,0
2024-01-13 16:10:00,R102,186,27,53,96,4,2,11,0,1
2024-01-13 16:15:00,R105,180,54,99,117,2,1,20,0,0
2024-01-13 16:20:00,R105,33,65,18,134,2,2,9,0,0
2024-01-13 16:25:00,R104,75,59,74,88,2,1,15,0,0
2024-01-13 16:30:00,R102,100,67,53,134,2,1,3,0,0
2024-01-13 16:35:00,R104,168,27,29,70,2,0,2,1,0
2024-01-13 16:40:00,R102,65,16,79,35,2,2,8,0,2
2024-01-13 16:45:00,R104,163,19,83,66,4,1,5,1,2
2024-01-13 16:50:00,R105,35,78,42,141,2,2,11,0,0
2024-01-13 16:55:00,R105,139,12,89,51,4,0,0,0,2
2024-01-13 17:00:00,R101,103,53,15,31,4,0,13,1,0
2024-01-13 17:05:00,R103,176,79,92,148,4,2,23,0,0
2024-01-13 17:10:00,R104,27,23,40,99,3,1,9,0,0
2024-01-13 17:15:00,R101,107,13,75,67,2,1,17,1,2
2024-01-13 17:20:00,R103,150,27,27,16,3,1,12,0,0
2024-01-13 17:25:00,R104,38,61,37,145,2,2,8,0,0
2024-01-13 17:30:00,R102,116,47,77,60,3,1,22,0,0
2024-01-13 17:35:00,R103,85,29,74,99,4,1,18,1,1
2024-01-13 17:40:00,R105,98,53,89,117,3,1,3,0,0
2024-01-13 17:45:00,R101,105,60,54,18,4,0,2,0,0
2024-01-13 17:50:00,R103,143,28,67,47,3,1,5,1,1
2024-01-13 17:55:00,R103,169,77,56,120,2,2,8,0,0
2024-01-13 18:00:00,R105,65,75,75,22,2,2,9,1,0
2024-01-13 18:05:00,R104,132,22,61,16,3,1,8,1,1
2024-01-13 18:10:00,R102,110,71,45,148,3,2,16,1,0
2024-01-13 18:15:00,R105,160,70,10,76,2,2,9,1,0
2024-01-13 18:20:00,R102,52,39,48,50,3,1,5,0,1
2024-01-13 18:25:00,R104,152,39,96,25,3,0,15,0,1
2024-01-13 18:30:00,R103,96,60,99,53,2,1,16,1,0
2024-01-13 18:35:00,R102,174,57,84,59,4,2,10,0,0
2024-01-13 18:40:00,R101,140,42,10,143,2,2,19,0,0
2024-01-13 18:45:00,R101,147,28,84,27,2,1,6,0,1
2024-01-13 18:50:00,R105,97,66,97,60,3,2,3,1,0
2024-01-13 18:55:00,R104,171,28,83,12,2,0,9,0,1
2024-01-13 19:00:00,R105,86,50,23,98,2,1,20,1,0
2024-01-13 19:05:00,R105,134,51,87,63,3,2,13,1,0
2024-01-13 19:10:00,R105,82,61,80,58,3,0,16,0,0
2024-01-13 19:15:00,R101,132,13,32,37,4,2,13,0,0
2024-01-13 19:20:00,R101,113,13,52,47,2,0,19,1,1
2024-01-13 19:25:00,R105,67,14,31,37,4,2,22,1,0
2024-01-13 19:30:00,R101,31,50,69,41,4,1,12,1,0
2024-01-13 19:35:00,R104,175,70,36,50,4,2,1,0,0
2024-01-13 19:40:00,R105,191,64,65,45,4,1,8,1,0
2024-01-13 19:45:00,R101,190,22,11,112,2,0,2,0,0
2024-01-13 19:50:00,R102,164,23,48,45,2,0,3,0,1
2024-01-13 19:55:00,R105,59,69,60,116,2,2,11,0,0
2024-01-13 20:00:00,R105,196,34,28,135,4,1,14,0,0
2024-01-13 20:05:00,R104,104,53,71,96,3,1,19,1,0
2024-01-13 20:10:00,R103,76,19,80,75,2,0,7,1,2
2024-01-13 20:15:00,R103,106,59,85,147,4,0,17,1,0
2024-01-13 20:20:00,R104,103,53,76,79,4,2,4,1,0
2024-01-13 20:25:00,R104,140,23,72,88,4,0,1,1,2
2024-01-13 20:30:00,R104,93,24,14,102,4,0,21,1,0
2024-01-13 20:35:00,R103,126,25,81,101,4,1,8,1,1
2024-01-13 20:40:00,R104,143,11,87,31,4,1,13,0,2
2024-01-13 20:45:00,R101,119,39,70,29,2,1,0,1,1
2024-01-13 20:50:00,R105,62,39,80,42,3,0,19,0,1
2024-01-13 20:55:00,R105,138,40,16,144,2,2,3,0,0
2024-01-13 21:00:00,R102,42,29,59,99,2,2,16,1,1
2024-01-13 21:05:00,R102,174,58,55,59,4,0,9,1,0
2024-01-13 21:10:00,R105,56,44,81,19,2,2,1,1,1
2024-01-13 21:15:00,R101,153,32,85,88,3,0,5,1,1
2024-01-13 21:20:00,R103,84,70,83,46,3,2,18,0,0
2024-01-13 21:25:00,R103,153,64,23,68,4,0,8,0,0
2024-01-13 21:30:00,R101,197,76,82,97,3,1,18,0,0
2024-01-13 21:35:00,R103,41,17,78,113,4,2,18,0,2
2024-01-13 21:40:00,R104,124,49,74,72,3,1,8,1,0
2024-01-13 21:45:00,R105,107,68,74,30,3,1,2,0,0
2024-01-13 21:50:00,R105,172,41,66,113,2,2,5,0,1
2024-01-13 21:55:00,R101,144,16,71,88,3,0,5,1,2
2024-01-13 22:00:00,R103,98,11,29,46,4,1,16,1,0
2024-01-13 22:05:00,R102,109,15,84,54,3,1,12,1,2
2024-01-13 22:10:00,R102,70,45,35,52,3,0,12,0,0
2024-01-13 22:15:00,R103,195,41,53,125,2,0,6,1,1
2024-01-13 22:20:00,R102,121,54,76,94,4,2,8,1,0
2024-01-13 22:25:00,R101,125,51,79,93,4,2,17,0,0
2024-01-13 22:30:00,R101,79,62,71,12,4,0,0,1,0
2024-01-13 22:35:00,R103,65,18,54,113,2,1,21,0,1
2024-01-13 22:40:00,R102,55,58,20,96,3,0,21,1,0
2024-01-13 22:45:00,R101,185,11,81,120,4,2,19,1,2
2024-01-13 22:50:00,R101,30,76,83,96,3,1,12,1,0
2024-01-13 22:55:00,R104,31,20,43,100,3,1,7,1,1
2024-01-13 23:00:00,R104,189,59,97,44,3,2,20,0,0
2024-01-13 23:05:00,R101,58,44,55,105,2,1,22,0,1
2024-01-13 23:10:00,R103,158,24,90,95,3,0,8,0,2
2024-01-13 23:15:00,R105,55,40,41,145,2,2,0,1,1
2024-01-13 23:20:00,R105,71,71,84,125,2,1,8,0,0
2024-01-13 23:25:00,R101,50,37,97,101,2,2,19,0,1
2024-01-13 23:30:00,R101,52,34,14,149,4,1,22,1,0
2024-01-13 23:35:00,R101,160,34,72,11,2,0,10,0,1
2024-01-13 23:40:00,R103,165,10,38,133,4,2,19,0,0
2024-01-13 23:45:00,R104,188,68,57,13,2,1,3,0,0
2024-01-13 23:50:00,R101,77,78,25,118,2,0,15,1,0
2024-01-13 23:55:00,R101,171,51,34,120,2,0,13,0,0
2024-01-14 00:00:00,R102,147,43,81,43,2,0,19,1,1
2024-01-14 00:05:00,R103,50,75,38,96,3,1,21,1,0
2024-01-14 00:10:00,R101,74,27,61,22,3,1,20,0,1
2024-01-14 00:15:00,R102,29,14,55,16,2,0,17,0,1
2024-01-14 00:20:00,R105,149,29,34,41,3,0,21,0,0
2024-01-14 00:25:00,R101,34,75,32,32,4,0,21,1,0
2024-01-14 00:30:00,R101,22,71,43,56,3,0,8,0,0
2024-01-14 00:35:00,R102,62,41,76,38,3,0,0,1,1
2024-01-14 00:40:00,R103,178,67,43,32,3,1,22,0,0
2024-01-14 00:45:00,R101,86,59,41,47,2,2,2,1,0
2024-01-14 00:50:00,R105,75,47,38,136,4,2,19,0,0
2024-01-14 00:55:00,R101,82,64,18,53,2,2,0,1,0
2024-01-14 01:00:00,R105,34,37,75,14,4,1,2,1,1
2024-01-14 01:05:00,R104,128,31,66,49,2,2,13,1,1
2024-01-14 01:10:00,R104,135,52,48,148,3,2,13,0,0
2024-01-14 01:15:00,R105,111,45,16,87,4,2,22,1,0
2024-01-14 01:20:00,R103,157,61,78,115,3,2,21,1,0
2024-01-14 01:25:00,R101,185,45,17,139,4,0,12,1,0
2024-01-14 01:30:00,R101,66,37,27,58,4,1,0,0,0
2024-01-14 01:35:00,R104,76,67,91,132,2,2,14,1,0
2024-01-14 01:40:00,R105,69,45,58,44,2,0,19,1,0
2024-01-14 01:45:00,R101,90,79,25,115,3,2,6,0,0
2024-01-14 01:50:00,R101,162,18,30,81,3,2,15,1,0
2024-01-14 01:55:00,R103,165,30,19,118,4,2,19,0,0
2024-01-14 02:00:00,R102,101,73,13,134,4,2,22,0,0
2024-01-14 02:05:00,R104,135,70,53,80,2,2,20,0,0
2024-01-14 02:10:00,R104,124,49,17,48,2,0,0,0,0
2024-01-14 02:15:00,R102,107,65,64,100,2,2,14,1,0
2024-01-14 02:20:00,R101,21,13,28,46,2,0,19,0,0
2024-01-14 02:25:00,R103,123,40,73,90,2,2,14,1,1
2024-01-14 02:30:00,R103,103,36,49,141,4,1,18,0,1
2024-01-14 02:35:00,R104,62,67,60,32,4,0,5,1,0
2024-01-14 02:40:00,R103,173,34,18,14,3,2,5,1,0
2024-01-14 02:45:00,R102,90,78,39,119,4,0,0,1,0
2024-01-14 02:50:00,R101,185,79,65,27,2,2,15,1,0
2024-01-14 02:55:00,R102,113,14,90,36,4,2,17,1,2
2024-01-14 03:00:00,R105,61,17,53,33,4,0,12,0,1
2024-01-14 03:05:00,R104,152,18,68,38,4,2,11,1,1
2024-01-14 03:10:00,R103,158,24,24,148,3,2,17,1,0
2024-01-14 03:15:00,R105,84,16,77,132,3,2,9,1,2
2024-01-14 03:20:00,R103,53,24,79,137,4,2,13,0,2
2024-01-14 03:25:00,R101,139,46,70,121,4,2,19,0,0
2024-01-14 03:30:00,R101,20,48,89,126,2,2,10,0,0
2024-01-14 03:35:00,R101,149,15,99,141,3,0,17,0,2
2024-01-14 03:40:00,R103,167,66,32,42,2,1,23,0,0
2024-01-14 03:45:00,R105,80,28,86,51,2,2,11,0,1
2024-01-14 03:50:00,R101,168,72,56,134,4,0,16,1,0
2024-01-14 03:55:00,R105,107,40,26,13,4,1,23,0,0
2024-01-14 04:00:00,R103,87,19,66,29,4,0,2,1,1
2024-01-14 04:05:00,R105,146,76,63,77,2,1,20,1,0
2024-01-14 04:10:00,R103,159,71,61,67,2,1,0,1,0
2024-01-14 04:15:00,R103,41,12,31,89,2,1,0,1,0
2024-01-14 04:20:00,R104,167,27,92,143,4,0,5,1,1
2024-01-14 04:25:00,R103,101,34,48,104,4,1,18,1,1
2024-01-14 04:30:00,R103,148,29,22,13,4,2,23,0,0
2024-01-14 04:35:00,R102,49,67,87,53,2,2,3,1,0
2024-01-14 04:40:00,R101,145,59,75,134,2,1,21,0,0
2024-01-14 04:45:00,R104,116,19,61,51,3,1,12,1,1
2024-01-14 04:50:00,R104,43,30,23,38,4,2,11,1,0
2024-01-14 04:55:00,R104,33,38,82,53,2,0,7,1,1
2024-01-14 05:00:00,R102,55,19,83,64,3,0,19,1,2
2024-01-14 05:05:00,R103,43,22,72,89,2,2,23,0,2
2024-01-14 05:10:00,R101,114,56,80,142,2,0,6,0,0
2024-01-14 05:15:00,R105,74,32,37,122,4,0,20,0,0
2024-01-14 05:20:00,R103,43,59,98,30,3,1,6,0,0
2024-01-14 05:25:00,R102,171,13,55,87,2,0,6,1,1
2024-01-14 05:30:00,R103,45,76,37,39,3,2,13,1,0
2024-01-14 05:35:00,R103,99,62,11,32,3,0,17,0,0
2024-01-14 05:40:00,R102,185,11,26,14,4,1,22,1,0
2024-01-14 05:45:00,R104,84,77,68,72,3,2,18,1,0
2024-01-14 05:50:00,R104,94,74,61,68,4,2,23,0,0
2024-01-14 05:55:00,R101,198,66,13,91,4,2,23,0,0
2024-01-14 06:00:00,R101,182,79,86,61,4,1,19,1,0
2024-01-14 06:05:00,R104,62,16,91,74,3,2,18,0,2
2024-01-14 06:10:00,R105,48,28,12,48,2,1,17,1,0
2024-01-14 06:15:00,R103,184,53,46,12,4,1,5,1,0
2024-01-14 06:20:00,R105,100,72,33,80,2,0,15,1,0
2024-01-14 06:25:00,R103,73,74,81,24,3,2,2,1,0
2024-01-14 06:30:00,R104,58,48,44,81,2,0,20,1,0
2024-01-14 06:35:00,R101,61,35,11,79,2,0,1,1,0
2024-01-14 06:40:00,R101,175,53,42,13,4,1,14,1,0
2024-01-14 06:45:00,R105,48,21,85,103,4,0,19,0,2
2024-01-14 06:50:00,R101,190,31,95,43,4,0,10,0,1
2024-01-14 06:55:00,R104,150,23,86,133,3,0,18,0,2
2024-01-14 07:00:00,R105,157,39,19,143,2,2,17,0,0
2024-01-14 07:05:00,R103,161,53,90,45,3,0,21,0,0
2024-01-14 07:10:00,R101,194,47,71,108,3,1,10,1,0
2024-01-14 07:15:00,R102,61,68,52,89,3,2,2,1,0
2024-01-14 07:20:00,R101,113,51,78,75,3,1,3,0,0
2024-01-14 07:25:00,R103,179,61,68,145,4,2,5,1,0
2024-01-14 07:30:00,R105,51,72,18,100,2,2,11,0,0
2024-01-14 07:35:00,R103,189,70,86,89,4,2,20,1,0
2024-01-14 07:40:00,R102,179,43,69,68,4,1,3,1,1
2024-01-14 07:45:00,R104,45,48,72,19,3,0,11,1,0
2024-01-14 07:50:00,R101,134,50,61,16,4,2,3,0,0
2024-01-14 07:55:00,R105,148,46,32,121,2,1,1,1,0
2024-01-14 08:00:00,R104,75,74,39,85,3,2,11,0,0
2024-01-14 08:05:00,R103,141,41,52,21,4,0,12,1,1
2024-01-14 08:10:00,R105,125,17,77,88,3,2,15,0,2
2024-01-14 08:15:00,R104,149,27,30,55,2,1,3,0,0
2024-01-14 08:20:00,R105,100,54,52,41,3,2,7,0,0
2024-01-14 08:25:00,R102,177,42,82,124,4,1,4,1,1
2024-01-14 08:30:00,R102,139,14,16,123,4,0,13,1,0
2024-01-14 08:35:00,R101,71,45,25,135,2,0,14,1,0
2024-01-14 08:40:00,R101,110,32,32,99,2,2,10,1,0
2024-01-14 08:45:00,R102,156,49,67,70,3,0,9,0,0
2024-01-14 08:50:00,R105,41,14,96,70,4,1,9,1,2
2024-01-14 08:55:00,R102,53,43,40,111,2,2,23,0,0
2024-01-14 09:00:00,R101,129,33,78,123,2,1,5,0,1
2024-01-14 09:05:00,R102,68,26,15,101,4,2,15,1,0
2024-01-14 09:10:00,R102,148,31,74,138,2,1,20,0,1
2024-01-14 09:15:00,R105,92,24,68,116,2,2,3,1,1
2024-01-14 09:20:00,R104,103,24,37,58,4,1,8,1,0
2024-01-14 09:25:00,R101,72,34,27,34,2,1,9,1,0
2024-01-14 09:30:00,R105,119,62,97,25,4,2,4,0,0
2024-01-14 09:35:00,R102,143,30,86,117,4,1,9,1,1
2024-01-14 09:40:00,R102,187,75,19,53,3,0,15,0,0
2024-01-14 09:45:00,R104,64,41,16,92,4,1,10,1,0
2024-01-14 09:50:00,R101,156,30,46,56,2,2,5,1,1
2024-01-14 09:55:00,R101,124,77,54,133,3,0,6,1,0
2024-01-14 10:00:00,R103,169,53,95,89,3,0,11,0,0
2024-01-14 10:05:00,R101,165,75,25,85,2,1,12,0,0
2024-01-14 10:10:00,R104,125,23,97,29,3,1,16,0,2
2024-01-14 10:15:00,R103,62,24,23,21,2,1,8,1,0
2024-01-14 10:20:00,R103,186,29,20,121,3,0,7,1,0
2024-01-14 10:25:00,R102,153,43,92,69,2,0,15,0,1
2024-01-14 10:30:00,R102,67,45,96,84,4,0,20,1,0
2024-01-14 10:35:00,R101,145,18,43,119,4,2,2,1,1
2024-01-14 10:40:00,R103,26,39,69,43,3,2,4,1,1
2024-01-14 10:45:00,R102,35,72,22,149,3,1,20,1,0
2024-01-14 10:50:00,R104,148,44,48,45,4,2,22,0,1
2024-01-14 10:55:00,R102,134,22,53,37,2,2,12,0,1
2024-01-14 11:00:00,R102,56,55,37,48,3,1,17,0,0
2024-01-14 11:05:00,R103,184,65,49,86,4,1,20,0,0
2024-01-14 11:10:00,R103,144,18,25,113,3,0,15,1,0
2024-01-14 11:15:00,R105,100,45,59,100,4,0,13,0,0
2024-01-14 11:20:00,R104,81,12,37,124,4,1,10,0,0
2024-01-14 11:25:00,R103,91,28,77,11,4,1,17,1,1
2024-01-14 11:30:00,R101,144,37,69,126,2,2,7,0,1
2024-01-14 11:35:00,R104,180,32,21,91,3,2,11,1,0
2024-01-14 11:40:00,R104,85,16,25,99,2,2,18,1,0
2024-01-14 11:45:00,R103,49,23,62,51,2,1,19,0,1
2024-01-14 11:50:00,R104,39,55,63,40,4,1,1,0,0
2024-01-14 11:55:00,R103,101,24,58,70,2,0,8,0,1
2024-01-14 12:00:00,R102,126,76,45,111,3,2,21,1,0
2024-01-14 12:05:00,R105,171,24,71,65,3,0,8,1,2
2024-01-14 12:10:00,R102,151,60,93,92,4,1,13,0,0
2024-01-14 12:15:00,R103,56,17,35,137,4,2,14,1,0
2024-01-14 12:20:00,R103,151,78,65,23,3,0,10,0,0
2024-01-14 12:25:00,R102,96,71,99,23,3,1,12,1,0
2024-01-14 12:30:00,R101,108,60,31,59,4,0,23,0,0
2024-01-14 12:35:00,R101,165,72,82,110,2,2,4,1,0
2024-01-14 12:40:00,R101,107,77,78,77,3,0,5,1,0
2024-01-14 12:45:00,R103,195,25,90,80,4,0,22,0,1
2024-01-14 12:50:00,R104,52,33,58,20,4,1,4,1,1
2024-01-14 12:55:00,R103,77,15,11,23,3,2,0,0,0
2024-01-14 13:00:00,R104,47,66,62,115,4,0,17,1,0
2024-01-14 13:05:00,R102,54,40,16,113,3,1,22,0,0
2024-01-14 13:10:00,R105,144,15,86,140,4,2,23,0,2
2024-01-14 13:15:00,R104,157,38,29,137,4,1,7,0,0
2024-01-14 13:20:00,R101,84,76,39,17,2,2,16,1,0
2024-01-14 13:25:00,R103,61,12,84,146,4,1,22,0,2
2024-01-14 13:30:00,R102,104,37,76,28,3,1,10,1,1
2024-01-14 13:35:00,R101,156,57,68,149,3,1,10,0,0
2024-01-14 13:40:00,R102,130,19,75,121,2,0,2,1,2
2024-01-14 13:45:00,R105,34,42,12,67,3,0,7,0,0
2024-01-14 13:50:00,R103,88,76,65,34,4,1,7,1,0
2024-01-14 13:55:00,R103,124,78,88,54,2,2,23,1,0
2024-01-14 14:00:00,R105,169,21,26,111,3,1,20,1,0
2024-01-14 14:05:00,R103,83,66,61,57,4,0,20,0,0
2024-01-14 14:10:00,R104,60,53,16,59,2,2,2,0,0
2024-01-14 14:15:00,R102,90,22,14,90,4,0,21,1,0
2024-01-14 14:20:00,R101,75,33,63,53,3,1,9,1,1
2024-01-14 14:25:00,R105,170,53,70,68,3,0,18,1,0
2024-01-14 14:30:00,R104,44,66,25,112,3,0,13,0,0
2024-01-14 14:35:00,R101,124,25,76,87,3,0,17,0,1
2024-01-14 14:40:00,R101,153,30,68,27,2,1,22,1,1
2024-01-14 14:45:00,R105,138,60,56,125,3,0,2,0,0
2024-01-14 14:50:00,R104,181,30,57,115,2,1,19,0,1
2024-01-14 14:55:00,R101,28,69,73,20,2,1,13,0,0
2024-01-14 15:00:00,R101,79,60,59,71,4,0,10,0,0
2024-01-14 15:05:00,R104,144,30,94,57,3,2,9,0,1
2024-01-14 15:10:00,R103,68,15,50,103,4,0,23,1,1
2024-01-14 15:15:00,R101,70,74,81,96,4,0,13,1,0
2024-01-14 15:20:00,R102,89,67,31,59,4,0,0,0,0
2024-01-14 15:25:00,R104,56,15,63,69,4,2,15,1,1
2024-01-14 15:30:00,R101,50,74,14,68,4,2,5,0,0
2024-01-14 15:35:00,R105,188,43,26,24,3,1,17,1,0
2024-01-14 15:40:00,R102,81,65,87,38,4,2,15,0,0
2024-01-14 15:45:00,R101,112,12,50,49,2,2,18,0,1
2024-01-14 15:50:00,R102,33,51,90,40,2,0,15,0,0
2024-01-14 15:55:00,R102,183,71,44,82,3,1,4,1,0
2024-01-14 16:00:00,R103,183,15,49,20,2,1,11,1,1
2024-01-14 16:05:00,R102,98,15,31,90,4,2,5,1,0
2024-01-14 16:10:00,R103,27,72,57,71,2,2,1,0,0
2024-01-14 16:15:00,R104,173,29,62,145,4,0,15,0,1
2024-01-14 16:20:00,R103,55,30,19,60,3,2,20,1,0
2024-01-14 16:25:00,R105,67,11,27,66,2,2,22,1,0
2024-01-14 16:30:00,R101,104,65,89,141,2,1,10,0,0
2024-01-14 16:35:00,R104,47,19,58,33,2,2,11,0,1
2024-01-14 16:40:00,R104,70,79,80,50,3,0,10,0,0
2024-01-14 16:45:00,R105,123,32,39,58,3,1,22,1,0
2024-01-14 16:50:00,R103,189,39,28,45,2,1,19,0,0
2024-01-14 16:55:00,R101,120,46,64,19,3,2,18,0,0
2024-01-14 17:00:00,R103,48,64,69,87,4,0,7,0,0
2024-01-14 17:05:00,R102,146,58,96,144,3,1,17,0,0
2024-01-14 17:10:00,R103,101,43,81,149,2,0,4,1,1
2024-01-14 17:15:00,R104,29,53,90,95,4,0,11,0,0
2024-01-14 17:20:00,R101,125,31,30,69,2,2,9,1,0
2024-01-14 17:25:00,R103,186,40,35,105,2,0,14,0,0
2024-01-14 17:30:00,R101,20,16,37,17,2,1,4,1,0
2024-01-14 17:35:00,R101,58,30,48,144,3,2,16,1,1
2024-01-14 17:40:00,R102,40,25,42,116,2,1,22,1,1
2024-01-14 17:45:00,R102,84,29,49,67,4,0,3,1,1
2024-01-14 17:50:00,R104,34,52,92,90,4,0,11,0,0
2024-01-14 17:55:00,R105,151,53,38,95,4,2,17,1,0
2024-01-14 18:00:00,R101,80,56,29,43,2,2,7,1,0
2024-01-14 18:05:00,R105,167,28,29,93,4,1,19,0,0
2024-01-14 18:10:00,R104,157,57,83,126,4,1,16,1,0
2024-01-14 18:15:00,R101,106,78,21,31,4,0,7,1,0
2024-01-14 18:20:00,R101,124,20,34,24,4,2,12,0,0
2024-01-14 18:25:00,R105,53,38,34,142,3,0,22,1,0
2024-01-14 18:30:00,R103,143,54,13,111,2,0,2,0,0
2024-01-14 18:35:00,R102,129,77,13,14,2,1,2,1,0
2024-01-14 18:40:00,R103,195,45,18,32,4,1,6,1,0
2024-01-14 18:45:00,R105,52,57,24,92,2,1,17,1,0
2024-01-14 18:50:00,R102,117,24,35,23,4,2,20,0,0
2024-01-14 18:55:00,R103,80,53,88,19,4,1,6,1,0
2024-01-14 19:00:00,R102,29,76,99,40,4,2,21,0,0
2024-01-14 19:05:00,R101,103,49,80,136,2,0,22,1,0
2024-01-14 19:10:00,R103,84,23,41,46,3,2,1,1,1
2024-01-14 19:15:00,R102,96,72,85,147,2,1,6,1,0
2024-01-14 19:20:00,R102,20,60,61,40,2,2,1,1,0
2024-01-14 19:25:00,R102,152,67,41,108,3,2,6,0,0
2024-01-14 19:30:00,R103,99,24,18,44,2,1,13,0,0
2024-01-14 19:35:00,R104,34,74,87,120,3,1,14,0,0
2024-01-14 19:40:00,R103,47,64,22,77,4,0,15,1,0
2024-01-14 19:45:00,R105,42,19,65,126,3,2,23,0,1
2024-01-14 19:50:00,R103,128,51,53,135,4,0,7,0,0
2024-01-14 19:55:00,R102,126,20,92,15,3,0,15,1,2
2024-01-14 20:00:00,R101,164,25,39,128,4,2,20,0,0
2024-01-14 20:05:00,R103,132,28,25,39,2,0,6,1,0
2024-01-14 20:10:00,R103,117,40,21,78,3,2,10,1,0
2024-01-14 20:15:00,R102,160,62,83,117,2,0,23,0,0
2024-01-14 20:20:00,R101,161,17,75,44,4,0,3,0,2
2024-01-14 20:25:00,R101,158,33,27,112,3,2,17,1,0
2024-01-14 20:30:00,R105,47,17,22,53,3,1,22,1,0
2024-01-14 20:35:00,R103,61,57,33,38,3,2,12,1,0
2024-01-14 20:40:00,R101,118,39,21,15,2,1,16,1,0
2024-01-14 20:45:00,R101,80,67,69,36,4,2,11,0,0
2024-01-14 20:50:00,R104,142,64,69,37,2,2,17,1,0
2024-01-14 20:55:00,R104,83,71,95,142,3,1,9,0,0
2024-01-14 21:00:00,R101,50,57,10,65,4,1,6,1,0
2024-01-14 21:05:00,R105,100,13,52,121,4,2,11,0,1
2024-01-14 21:10:00,R101,29,46,64,63,2,2,11,1,0
2024-01-14 21:15:00,R102,27,17,49,89,2,2,12,1,1
2024-01-14 21:20:00,R103,168,10,73,114,3,1,0,0,2
2024-01-14 21:25:00,R105,78,79,43,27,3,2,6,1,0
2024-01-14 21:30:00,R102,197,56,43,52,3,1,15,0,0
2024-01-14 21:35:00,R105,49,14,57,98,3,0,15,1,1
2024-01-14 21:40:00,R102,164,59,42,83,4,1,20,1,0
2024-01-14 21:45:00,R103,39,33,77,19,3,0,15,1,1
2024-01-14 21:50:00,R103,67,56,39,143,3,2,15,0,0
2024-01-14 21:55:00,R104,149,27,93,98,3,2,13,1,1
2024-01-14 22:00:00,R102,56,37,99,141,2,1,10,0,1
2024-01-14 22:05:00,R104,148,14,88,43,2,0,18,1,2
2024-01-14 22:10:00,R102,151,39,80,92,2,2,10,0,1
2024-01-14 22:15:00,R104,119,10,80,141,3,2,1,0,2
2024-01-14 22:20:00,R103,73,55,38,107,4,0,6,1,0
2024-01-14 22:25:00,R105,141,78,32,40,3,2,8,1,0
2024-01-14 22:30:00,R104,44,40,43,89,2,2,8,1,1
2024-01-14 22:35:00,R102,150,79,93,69,2,1,13,1,0
2024-01-14 22:40:00,R102,28,65,24,11,3,2,9,0,0
2024-01-14 22:45:00,R103,53,37,62,45,4,0,15,0,1
2024-01-14 22:50:00,R102,62,25,26,134,4,2,23,1,0
2024-01-14 22:55:00,R101,93,63,73,112,4,1,17,0,0
2024-01-14 23:00:00,R105,113,62,93,125,2,2,0,1,0
2024-01-14 23:05:00,R104,41,21,70,110,2,0,23,1,1
2024-01-14 23:10:00,R105,89,29,66,55,4,2,1,1,1
2024-01-14 23:15:00,R103,149,43,86,89,3,0,19,1,1
2024-01-14 23:20:00,R104,113,62,97,116,4,1,3,1,0
2024-01-14 23:25:00,R104,51,73,46,53,3,2,1,0,0
2024-01-14 23:30:00,R101,125,32,16,58,2,2,3,1,0
2024-01-14 23:35:00,R103,163,36,17,97,2,1,22,0,0
2024-01-14 23:40:00,R102,20,26,96,67,2,0,5,1,1
2024-01-14 23:45:00,R101,91,57,87,100,4,0,21,1,0
2024-01-14 23:50:00,R101,195,30,77,144,4,2,3,1,1
2024-01-14 23:55:00,R105,69,59,30,103,2,0,17,1,0
2024-01-15 00:00:00,R105,160,49,70,87,2,0,4,0,0
2024-01-15 00:05:00,R105,34,12,83,131,2,2,10,0,2
2024-01-15 00:10:00,R101,72,26,95,85,4,0,12,1,1
2024-01-15 00:15:00,R102,191,70,89,62,4,0,2,1,0
2024-01-15 00:20:00,R104,27,59,84,32,2,2,18,1,0
2024-01-15 00:25:00,R105,93,15,95,86,4,2,19,1,2
2024-01-15 00:30:00,R102,65,37,38,82,4,0,10,0,0
2024-01-15 00:35:00,R103,88,64,34,97,4,2,10,0,0
2024-01-15 00:40:00,R105,133,67,67,112,4,0,20,1,0
2024-01-15 00:45:00,R104,166,54,23,103,2,0,1,0,0
2024-01-15 00:50:00,R103,185,28,87,69,2,0,21,0,1
2024-01-15 00:55:00,R103,142,38,75,19,4,0,14,1,1
2024-01-15 01:00:00,R104,158,32,63,111,2,2,21,0,1
2024-01-15 01:05:00,R105,136,41,86,67,2,2,7,1,1
2024-01-15 01:10:00,R101,62,19,76,18,2,1,1,0,2
2024-01-15 01:15:00,R104,39,58,39,22,3,2,7,0,0
2024-01-15 01:20:00,R104,167,74,27,146,2,1,23,1,0
2024-01-15 01:25:00,R104,40,38,63,140,2,0,19,0,1
2024-01-15 01:30:00,R103,101,68,30,82,4,2,22,0,0
2024-01-15 01:35:00,R102,76,54,62,125,4,0,14,0,0
2024-01-15 01:40:00,R101,197,76,92,134,3,1,15,0,0
2024-01-15 01:45:00,R105,93,60,25,120,3,2,12,0,0
2024-01-15 01:50:00,R105,117,20,37,80,2,2,22,1,0
2024-01-15 01:55:00,R102,173,15,13,98,2,2,16,1,0
2024-01-15 02:00:00,R104,177,76,64,29,4,2,13,0,0
2024-01-15 02:05:00,R101,129,71,24,90,2,0,13,1,0
2024-01-15 02:10:00,R105,134,14,73,99,2,2,0,0,2
2024-01-15 02:15:00,R105,178,18,74,28,2,1,23,0,2
2024-01-15 02:20:00,R104,61,37,25,121,2,2,0,1,0
2024-01-15 02:25:00,R102,87,47,29,140,2,1,2,0,0
2024-01-15 02:30:00,R101,89,52,73,116,2,1,21,1,0
2024-01-15 02:35:00,R102,97,30,42,130,2,0,23,0,1
2024-01-15 02:40:00,R102,109,71,90,101,2,2,14,0,0
2024-01-15 02:45:00,R101,130,55,78,89,4,1,4,1,0
2024-01-15 02:50:00,R101,131,79,78,40,3,2,4,0,0
2024-01-15 02:55:00,R105,122,47,67,62,2,0,3,1,0
2024-01-15 03:00:00,R105,164,58,48,122,4,0,13,1,0
2024-01-15 03:05:00,R101,38,48,86,43,2,2,19,0,0
2024-01-15 03:10:00,R103,198,39,45,40,2,1,6,0,1
2024-01-15 03:15:00,R105,89,30,77,148,3,0,21,1,1
2024-01-15 03:20:00,R103,82,10,96,15,4,1,23,0,2
2024-01-15 03:25:00,R101,94,41,30,36,2,1,14,0,0
2024-01-15 03:30:00,R105,177,17,72,16,3,2,10,1,2
2024-01-15 03:35:00,R102,172,78,94,58,3,0,13,0,0
2024-01-15 03:40:00,R101,123,39,15,105,2,2,5,0,0
2024-01-15 03:45:00,R104,94,17,33,69,2,2,9,1,0
2024-01-15 03:50:00,R103,147,28,62,42,4,2,6,0,1
2024-01-15 03:55:00,R101,173,68,92,56,4,1,9,0,0
2024-01-15 04:00:00,R101,75,64,85,128,2,2,13,0,0
2024-01-15 04:05:00,R105,41,39,87,36,2,0,4,0,1
2024-01-15 04:10:00,R105,108,45,59,31,3,1,21,0,0
2024-01-15 04:15:00,R105,38,64,21,56,4,2,0,0,0
2024-01-15 04:20:00,R104,178,53,65,102,2,0,18,1,0
2024-01-15 04:25:00,R105,45,36,24,11,2,2,7,0,0
2024-01-15 04:30:00,R101,189,63,92,56,4,2,18,0,0
2024-01-15 04:35:00,R105,188,57,49,36,2,2,16,0,0
2024-01-15 04:40:00,R102,42,39,50,36,3,1,18,1,1
2024-01-15 04:45:00,R105,66,48,78,84,3,2,15,0,0
2024-01-15 04:50:00,R104,32,22,78,19,2,0,3,1,2
2024-01-15 04:55:00,R102,85,25,15,130,4,2,7,1,0
2024-01-15 05:00:00,R101,163,53,96,42,3,2,3,1,0
2024-01-15 05:05:00,R101,92,36,76,135,4,1,12,1,1
2024-01-15 05:10:00,R103,175,54,42,17,4,2,6,1,0
2024-01-15 05:15:00,R102,96,44,52,144,4,0,0,0,1
2024-01-15 05:20:00,R103,182,37,30,80,3,0,8,0,0
2024-01-15 05:25:00,R102,188,16,93,144,3,2,3,0,2
2024-01-15 05:30:00,R102,50,71,74,50,2,0,13,0,0
2024-01-15 05:35:00,R104,104,60,26,127,4,0,8,1,0
2024-01-15 05:40:00,R103,179,55,17,64,3,2,2,1,0
2024-01-15 05:45:00,R104,78,29,73,16,3,0,14,1,1
2024-01-15 05:50:00,R102,60,47,99,93,2,0,4,1,0
2024-01-15 05:55:00,R101,131,70,37,87,3,2,0,1,0
2024-01-15 06:00:00,R102,115,41,99,62,3,1,10,1,1
2024-01-15 06:05:00,R104,187,35,22,23,3,1,18,0,0
2024-01-15 06:10:00,R103,141,67,22,122,2,2,4,0,0
2024-01-15 06:15:00,R103,175,48,47,66,2,1,21,0,0
2024-01-15 06:20:00,R104,184,29,34,100,4,1,23,0,0
2024-01-15 06:25:00,R103,124,59,71,55,3,1,16,1,0
2024-01-15 06:30:00,R105,93,61,32,100,2,1,18,1,0
2024-01-15 06:35:00,R101,151,31,95,142,2,2,16,1,1
2024-01-15 06:40:00,R101,118,62,30,111,2,1,4,0,0
2024-01-15 06:45:00,R101,145,75,63,115,4,1,23,0,0
2024-01-15 06:50:00,R103,157,52,72,137,4,2,19,0,0
2024-01-15 06:55:00,R103,194,32,39,41,4,2,8,0,0
2024-01-15 07:00:00,R102,94,73,84,15,4,1,21,0,0
2024-01-15 07:05:00,R102,33,18,77,83,4,0,5,0,2
2024-01-15 07:10:00,R101,57,16,85,144,3,2,20,1,2
2024-01-15 07:15:00,R105,159,50,82,38,3,2,12,0,0
2024-01-15 07:20:00,R102,64,63,41,43,2,1,20,0,0
2024-01-15 07:25:00,R102,164,74,84,16,4,0,10,0,0
2024-01-15 07:30:00,R103,182,11,33,90,4,2,22,1,0
2024-01-15 07:35:00,R105,94,13,16,86,2,2,23,0,0
2024-01-15 07:40:00,R101,188,41,81,67,3,2,22,0,1
2024-01-15 07:45:00,R102,48,11,98,94,4,0,0,1,2
2024-01-15 07:50:00,R105,37,73,10,82,4,2,16,0,0
2024-01-15 07:55:00,R105,39,23,12,54,4,2,5,0,0
2024-01-15 08:00:00,R101,33,29,37,56,3,0,2,1,0
2024-01-15 08:05:00,R105,181,58,52,86,3,2,15,1,0
2024-01-15 08:10:00,R105,196,17,55,82,4,0,12,0,1
2024-01-15 08:15:00,R105,73,72,10,125,4,0,11,1,0
2024-01-15 08:20:00,R102,50,55,47,39,2,0,10,1,0
2024-01-15 08:25:00,R101,77,30,44,80,2,1,22,0,1
2024-01-15 08:30:00,R105,123,41,83,112,3,2,1,1,1
2024-01-15 08:35:00,R105,189,17,85,142,2,2,18,1,2
2024-01-15 08:40:00,R102,147,25,83,113,4,2,7,0,1
2024-01-15 08:45:00,R101,177,49,63,131,3,0,12,1,0
2024-01-15 08:50:00,R103,44,36,33,138,2,1,13,0,0
2024-01-15 08:55:00,R102,38,27,37,40,3,0,14,1,0
2024-01-15 09:00:00,R101,155,44,31,118,4,2,16,1,0
2024-01-15 09:05:00,R105,22,61,25,81,2,0,14,0,0
2024-01-15 09:10:00,R101,105,24,22,136,2,1,20,1,0
2024-01-15 09:15:00,R101,164,72,71,94,2,2,9,1,0
2024-01-15 09:20:00,R101,161,62,52,24,4,0,0,1,0
2024-01-15 09:25:00,R103,28,75,96,65,3,1,11,1,0
2024-01-15 09:30:00,R101,113,40,87,36,2,0,8,1,1
2024-01-15 09:35:00,R103,168,70,41,11,3,0,22,0,0
2024-01-15 09:40:00,R105,184,73,76,83,3,2,4,1,0
2024-01-15 09:45:00,R103,158,43,92,73,3,1,21,0,1
2024-01-15 09:50:00,R105,39,64,95,14,4,0,14,1,0
2024-01-15 09:55:00,R105,54,68,66,100,4,1,2,1,0
2024-01-15 10:00:00,R103,72,12,74,77,2,2,18,0,2
2024-01-15 10:05:00,R102,194,26,78,90,2,2,6,1,1
2024-01-15 10:10:00,R104,129,55,58,94,3,2,6,1,0
2024-01-15 10:15:00,R101,199,47,42,32,3,1,6,1,0
2024-01-15 10:20:00,R104,155,44,28,106,3,1,1,1,0
2024-01-15 10:25:00,R101,23,10,45,133,4,0,1,0,1
2024-01-15 10:30:00,R101,174,38,79,46,4,1,11,0,1
2024-01-15 10:35:00,R105,191,13,24,39,2,2,4,1,0
2024-01-15 10:40:00,R101,187,70,33,126,3,0,3,0,0
2024-01-15 10:45:00,R101,121,26,36,18,3,1,6,0,0
2024-01-15 10:50:00,R103,66,37,58,141,4,2,15,1,1
2024-01-15 10:55:00,R104,113,59,84,75,2,2,2,1,0
2024-01-15 11:00:00,R103,191,17,32,129,3,0,20,0,0
2024-01-15 11:05:00,R101,67,43,42,133,3,2,1,0,1
2024-01-15 11:10:00,R105,110,68,50,53,2,1,16,0,0
2024-01-15 11:15:00,R103,199,27,65,118,3,2,8,0,1
2024-01-15 11:20:00,R103,103,68,38,46,4,0,19,0,0
2024-01-15 11:25:00,R102,87,36,40,76,2,2,7,0,0
2024-01-15 11:30:00,R101,158,25,74,69,3,2,11,1,1
2024-01-15 11:35:00,R105,144,19,27,45,3,1,6,1,0
2024-01-15 11:40:00,R103,92,31,91,58,4,1,13,0,1
2024-01-15 11:45:00,R103,23,25,15,116,4,1,15,1,0
2024-01-15 11:50:00,R105,95,21,61,17,4,1,0,1,1
2024-01-15 11:55:00,R101,92,60,49,50,3,2,9,0,0
2024-01-15 12:00:00,R102,96,10,74,110,3,1,10,0,2
2024-01-15 12:05:00,R103,67,36,51,122,3,2,6,0,1
2024-01-15 12:10:00,R102,173,76,77,118,2,1,17,1,0
2024-01-15 12:15:00,R104,121,21,41,95,4,1,18,0,1
2024-01-15 12:20:00,R101,125,39,19,87,2,1,13,1,0
2024-01-15 12:25:00,R104,96,18,78,64,4,2,16,1,2
2024-01-15 12:30:00,R104,58,62,18,119,3,1,22,0,0
2024-01-15 12:35:00,R104,77,70,78,74,2,2,18,1,0
2024-01-15 12:40:00,R101,38,63,70,73,2,1,21,0,0
2024-01-15 12:45:00,R101,107,46,20,149,4,1,12,0,0
2024-01-15 12:50:00,R105,132,74,77,127,2,0,22,1,0
2024-01-15 12:55:00,R102,96,51,83,51,2,1,2,0,0
2024-01-15 13:00:00,R102,96,58,17,126,3,2,1,0,0
2024-01-15 13:05:00,R105,47,13,58,59,4,0,8,0,1
2024-01-15 13:10:00,R105,85,73,33,57,2,2,6,0,0
2024-01-15 13:15:00,R104,29,60,42,82,3,2,13,0,0
2024-01-15 13:20:00,R105,145,69,28,145,2,0,4,0,0
2024-01-15 13:25:00,R103,77,40,11,144,3,1,19,1,0
2024-01-15 13:30:00,R102,161,67,64,115,2,0,14,0,0
2024-01-15 13:35:00,R105,144,13,20,17,3,2,19,1,0
2024-01-15 13:40:00,R103,131,31,26,119,3,1,0,0,0
2024-01-15 13:45:00,R103,103,12,51,40,4,0,19,0,1
2024-01-15 13:50:00,R103,162,56,70,21,3,2,6,1,0
2024-01-15 13:55:00,R103,115,47,12,136,2,1,4,1,0
2024-01-15 14:00:00,R104,52,42,95,66,3,2,3,0,1
2024-01-15 14:05:00,R103,164,57,44,149,3,1,10,0,0
2024-01-15 14:10:00,R104,171,74,94,36,2,1,18,1,0
2024-01-15 14:15:00,R104,177,35,98,55,2,0,5,1,1
2024-01-15 14:20:00,R103,160,17,75,144,3,1,19,1,2
2024-01-15 14:25:00,R102,66,59,10,70,2,2,17,1,0
2024-01-15 14:30:00,R103,131,47,16,67,3,1,4,0,0
2024-01-15 14:35:00,R103,163,19,29,22,3,2,19,1,0
2024-01-15 14:40:00,R103,62,51,52,109,3,1,14,0,0
2024-01-15 14:45:00,R102,27,46,15,58,2,1,20,1,0
2024-01-15 14:50:00,R101,22,35,64,44,4,0,19,0,1
2024-01-15 14:55:00,R101,144,21,30,103,4,1,5,1,0
2024-01-15 15:00:00,R104,31,58,60,104,3,1,3,0,0
2024-01-15 15:05:00,R104,103,23,55,81,3,2,16,1,1
2024-01-15 15:10:00,R102,35,55,44,132,2,2,14,1,0
2024-01-15 15:15:00,R105,97,44,17,19,4,2,17,1,0
2024-01-15 15:20:00,R101,78,38,77,13,4,1,5,1,1
2024-01-15 15:25:00,R104,196,21,25,134,4,2,23,0,0
2024-01-15 15:30:00,R101,82,53,76,38,2,2,19,1,0
2024-01-15 15:35:00,R102,68,75,80,55,2,1,21,1,0
2024-01-15 15:40:00,R102,70,11,73,86,2,2,18,1,2
2024-01-15 15:45:00,R105,52,68,11,68,3,0,11,0,0
2024-01-15 15:50:00,R105,49,26,10,75,2,0,8,0,0
2024-01-15 15:55:00,R102,95,19,67,116,3,2,7,1,1
2024-01-15 16:00:00,R104,34,27,10,95,3,2,14,0,0
2024-01-15 16:05:00,R101,101,31,16,142,3,2,0,0,0
2024-01-15 16:10:00,R103,111,67,97,18,3,1,1,0,0
2024-01-15 16:15:00,R105,42,62,78,29,2,0,2,1,0
2024-01-15 16:20:00,R103,113,10,94,136,2,0,18,0,2
2024-01-15 16:25:00,R104,64,70,27,26,4,2,9,0,0
2024-01-15 16:30:00,R105,81,40,97,21,4,2,13,1,1
2024-01-15 16:35:00,R103,34,40,41,91,3,1,18,1,1
2024-01-15 16:40:00,R104,65,75,54,76,4,1,10,1,0
2024-01-15 16:45:00,R101,83,28,42,142,4,0,20,0,1
2024-01-15 16:50:00,R104,193,62,83,62,4,1,5,1,0
2024-01-15 16:55:00,R105,191,31,82,63,3,0,18,0,1
2024-01-15 17:00:00,R102,94,32,58,77,4,2,13,0,1
2024-01-15 17:05:00,R101,176,24,42,44,2,2,7,1,1
2024-01-15 17:10:00,R103,71,35,80,97,3,0,1,1,1
2024-01-15 17:15:00,R105,107,12,77,24,2,2,21,1,2
2024-01-15 17:20:00,R102,76,29,37,24,3,1,17,1,0
2024-01-15 17:25:00,R104,102,49,96,40,2,2,21,1,0
2024-01-15 17:30:00,R102,85,48,62,116,4,2,3,1,0
2024-01-15 17:35:00,R105,169,27,53,19,3,0,2,0,1
2024-01-15 17:40:00,R105,39,50,89,66,2,1,1,1,0
2024-01-15 17:45:00,R102,52,79,64,16,3,1,23,0,0
2024-01-15 17:50:00,R104,91,36,19,142,2,2,3,0,0
2024-01-15 17:55:00,R102,44,24,23,134,4,2,17,0,0
2024-01-15 18:00:00,R105,65,46,45,128,3,1,10,0,0
2024-01-15 18:05:00,R105,92,67,43,89,3,1,8,0,0
2024-01-15 18:10:00,R103,117,14,97,133,2,0,7,0,2
2024-01-15 18:15:00,R103,76,16,27,66,2,2,20,1,0
2024-01-15 18:20:00,R101,106,50,25,81,4,2,7,0,0
2024-01-15 18:25:00,R105,152,19,46,37,2,1,4,0,1
2024-01-15 18:30:00,R103,74,71,50,45,2,0,12,0,0
2024-01-15 18:35:00,R102,80,35,34,65,2,1,6,1,0
2024-01-15 18:40:00,R104,108,77,17,125,4,2,20,0,0
2024-01-15 18:45:00,R102,27,33,97,68,4,2,4,0,1
2024-01-15 18:50:00,R104,35,50,93,132,3,2,12,1,0
2024-01-15 18:55:00,R103,195,74,93,75,4,2,19,1,0
2024-01-15 19:00:00,R101,135,26,27,18,2,0,15,1,0
2024-01-15 19:05:00,R102,80,33,77,143,3,2,13,0,1
2024-01-15 19:10:00,R102,34,36,57,128,4,1,4,1,1
2024-01-15 19:15:00,R102,169,16,79,131,4,0,22,1,2
2024-01-15 19:20:00,R104,150,21,76,74,2,0,18,1,2
2024-01-15 19:25:00,R103,121,12,27,140,2,2,3,0,0
2024-01-15 19:30:00,R102,73,19,27,136,4,0,23,1,0
2024-01-15 19:35:00,R102,33,42,65,96,3,2,21,0,1
2024-01-15 19:40:00,R101,55,55,32,42,2,0,23,0,0
2024-01-15 19:45:00,R101,124,68,44,146,4,0,10,1,0
2024-01-15 19:50:00,R103,101,61,15,62,4,1,1,0,0
2024-01-15 19:55:00,R103,86,15,35,101,2,1,12,0,0
2024-01-15 20:00:00,R105,29,11,94,60,3,1,15,0,2
2024-01-15 20:05:00,R101,68,38,70,80,3,0,8,1,1
2024-01-15 20:10:00,R105,130,49,97,49,3,1,15,0,0
2024-01-15 20:15:00,R104,84,70,24,48,2,1,6,1,0
2024-01-15 20:20:00,R105,76,77,41,130,2,1,15,0,0
2024-01-15 20:25:00,R102,46,77,21,94,2,0,12,1,0
2024-01-15 20:30:00,R105,132,38,14,146,3,2,4,0,0
2024-01-15 20:35:00,R103,152,71,73,46,3,1,14,0,0
2024-01-15 20:40:00,R104,90,69,80,96,2,0,6,1,0
2024-01-15 20:45:00,R102,102,50,95,138,2,0,17,0,0
2024-01-15 20:50:00,R105,76,74,36,72,2,2,19,1,0
2024-01-15 20:55:00,R104,139,73,88,52,3,1,22,1,0
2024-01-15 21:00:00,R104,112,72,54,109,4,0,1,0,0
2024-01-15 21:05:00,R102,34,57,44,114,4,0,7,1,0
2024-01-15 21:10:00,R105,130,29,35,17,3,0,9,0,0
2024-01-15 21:15:00,R104,120,46,32,58,2,2,9,1,0
2024-01-15 21:20:00,R104,138,73,22,105,2,1,10,1,0
2024-01-15 21:25:00,R101,95,14,99,132,2,0,20,1,2
2024-01-15 21:30:00,R104,177,43,12,56,2,0,20,0,0
2024-01-15 21:35:00,R101,39,48,38,34,3,0,7,0,0
2024-01-15 21:40:00,R105,184,76,75,140,4,0,15,0,0
2024-01-15 21:45:00,R105,150,71,73,123,4,1,15,0,0
2024-01-15 21:50:00,R105,92,33,37,108,3,1,16,1,0
2024-01-15 21:55:00,R103,141,12,96,105,2,0,5,0,2
2024-01-15 22:00:00,R105,60,76,45,43,4,0,17,0,0
2024-01-15 22:05:00,R104,186,59,15,118,3,0,16,1,0
2024-01-15 22:10:00,R102,173,38,20,101,2,2,11,0,0
2024-01-15 22:15:00,R101,149,41,47,17,4,2,14,0,1
2024-01-15 22:20:00,R103,42,48,43,72,3,2,6,1,0
2024-01-15 22:25:00,R105,42,18,90,91,4,0,13,0,2
2024-01-15 22:30:00,R105,163,23,76,34,4,2,3,0,2
2024-01-15 22:35:00,R102,28,77,55,138,3,1,16,0,0
2024-01-15 22:40:00,R102,32,73,95,17,3,2,10,0,0
2024-01-15 22:45:00,R103,175,29,38,133,4,0,5,0,0
2024-01-15 22:50:00,R101,174,37,69,107,4,1,9,1,1
2024-01-15 22:55:00,R105,70,23,63,110,3,0,14,0,1
2024-01-15 23:00:00,R103,83,53,78,120,2,1,5,0,0
2024-01-15 23:05:00,R104,71,48,83,12,2,2,15,0,0
2024-01-15 23:10:00,R104,57,37,83,144,2,2,11,0,1
2024-01-15 23:15:00,R103,119,73,18,109,2,1,18,0,0
2024-01-15 23:20:00,R105,165,41,94,20,3,1,15,0,1
2024-01-15 23:25:00,R103,70,18,86,68,2,0,13,0,2
2024-01-15 23:30:00,R105,156,37,19,149,4,1,5,0,0
2024-01-15 23:35:00,R102,160,26,84,88,2,0,8,1,1
2024-01-15 23:40:00,R103,187,64,77,47,3,1,21,0,0
2024-01-15 23:45:00,R105,74,19,67,131,2,1,0,0,1
2024-01-15 23:50:00,R103,128,15,61,74,2,2,21,0,1
2024-01-15 23:55:00,R103,190,57,43,55,3,2,7,1,0
2024-01-16 00:00:00,R105,63,76,44,134,2,0,6,0,0
2024-01-16 00:05:00,R105,129,50,42,65,3,0,13,1,0
2024-01-16 00:10:00,R101,180,69,81,16,2,0,7,0,0
2024-01-16 00:15:00,R103,171,51,41,114,3,1,10,0,0
2024-01-16 00:20:00,R104,183,37,64,49,2,1,23,0,1
2024-01-16 00:25:00,R103,147,22,17,106,4,0,8,0,0
2024-01-16 00:30:00,R103,124,24,55,61,4,1,18,1,1
2024-01-16 00:35:00,R105,29,45,23,40,3,2,6,1,0
2024-01-16 00:40:00,R103,119,24,17,16,3,1,5,0,0
2024-01-16 00:45:00,R103,167,65,80,100,3,2,17,0,0
2024-01-16 00:50:00,R104,128,13,86,26,4,0,4,0,2
2024-01-16 00:55:00,R105,127,61,63,134,3,1,18,0,0
2024-01-16 01:00:00,R103,159,19,30,13,2,0,10,1,0
2024-01-16 01:05:00,R102,165,54,84,131,3,2,4,0,0
2024-01-16 01:10:00,R101,113,38,23,108,3,0,23,1,0
2024-01-16 01:15:00,R104,82,62,84,70,2,2,8,1,0
2024-01-16 01:20:00,R103,103,38,11,30,2,2,23,1,0
2024-01-16 01:25:00,R102,44,32,70,86,4,0,7,0,1
2024-01-16 01:30:00,R103,31,66,26,56,2,2,10,0,0
2024-01-16 01:35:00,R103,168,59,87,84,2,0,21,1,0
2024-01-16 01:40:00,R105,44,30,98,58,3,0,5,1,1
2024-01-16 01:45:00,R105,30,52,57,36,4,0,14,1,0
2024-01-16 01:50:00,R105,83,19,17,40,2,2,5,0,0
2024-01-16 01:55:00,R102,145,39,65,41,4,2,21,0,1
2024-01-16 02:00:00,R103,69,60,26,27,2,1,10,1,0
2024-01-16 02:05:00,R101,108,42,78,134,4,0,14,0,1
2024-01-16 02:10:00,R104,118,27,21,72,2,0,11,0,0
2024-01-16 02:15:00,R105,135,31,47,137,3,0,8,0,1
2024-01-16 02:20:00,R105,115,73,27,25,4,0,9,1,0
2024-01-16 02:25:00,R103,196,30,35,146,4,0,14,0,0
2024-01-16 02:30:00,R103,33,10,46,71,2,0,16,0,1
2024-01-16 02:35:00,R102,20,24,79,48,4,0,15,1,2
2024-01-16 02:40:00,R102,44,45,50,124,2,1,21,1,0
2024-01-16 02:45:00,R105,91,56,88,147,4,1,7,0,0
2024-01-16 02:50:00,R103,88,63,51,149,4,0,16,1,0
2024-01-16 02:55:00,R101,152,41,99,81,3,0,10,1,1
2024-01-16 03:00:00,R104,124,67,85,71,3,1,10,0,0
2024-01-16 03:05:00,R103,166,55,50,140,4,1,5,1,0
2024-01-16 03:10:00,R103,42,63,56,92,3,0,21,1,0
2024-01-16 03:15:00,R102,28,42,23,132,4,0,1,0,0
2024-01-16 03:20:00,R104,137,48,10,148,2,1,0,0,0
2024-01-16 03:25:00,R105,113,32,26,145,4,1,19,0,0
2024-01-16 03:30:00,R103,197,52,64,118,4,0,5,1,0
2024-01-16 03:35:00,R105,163,64,62,131,3,1,4,0,0
2024-01-16 03:40:00,R103,52,11,40,128,3,0,22,1,0
2024-01-16 03:45:00,R105,149,75,71,147,2,2,21,0,0
2024-01-16 03:50:00,R104,33,47,17,27,2,0,21,0,0
2024-01-16 03:55:00,R102,20,38,39,85,2,0,8,1,0
2024-01-16 04:00:00,R104,109,76,86,20,4,0,4,1,0
2024-01-16 04:05:00,R101,108,45,89,147,2,1,17,0,0
2024-01-16 04:10:00,R102,163,38,75,140,2,0,23,1,1
2024-01-16 04:15:00,R104,109,46,54,71,3,0,18,0,0
2024-01-16 04:20:00,R101,194,54,27,80,3,1,14,1,0
2024-01-16 04:25:00,R103,191,25,54,70,2,2,14,0,1
2024-01-16 04:30:00,R103,33,40,28,141,2,2,8,0,0
2024-01-16 04:35:00,R105,171,43,86,70,4,1,13,1,1
2024-01-16 04:40:00,R102,130,59,77,145,4,0,4,0,0
2024-01-16 04:45:00,R103,162,74,92,111,3,2,16,0,0
2024-01-16 04:50:00,R102,102,71,59,22,2,2,14,1,0
2024-01-16 04:55:00,R103,91,52,34,21,2,1,19,1,0
2024-01-16 05:00:00,R105,181,65,47,44,2,2,16,0,0
2024-01-16 05:05:00,R104,149,24,45,60,2,2,23,1,1
2024-01-16 05:10:00,R105,46,57,77,52,2,1,23,0,0
2024-01-16 05:15:00,R101,93,58,65,120,4,2,8,0,0
2024-01-16 05:20:00,R103,118,53,48,75,4,0,12,1,0
2024-01-16 05:25:00,R101,91,19,72,24,2,1,21,0,2
2024-01-16 05:30:00,R101,42,29,16,48,4,0,12,0,0
2024-01-16 05:35:00,R102,87,79,67,35,4,0,4,0,0
2024-01-16 05:40:00,R103,161,17,89,121,2,1,13,0,2
2024-01-16 05:45:00,R101,136,54,68,60,4,2,6,0,0
2024-01-16 05:50:00,R104,125,43,57,120,2,1,4,1,1
2024-01-16 05:55:00,R101,112,60,14,141,4,2,11,1,0
2024-01-16 06:00:00,R104,84,13,96,107,2,0,2,0,2
2024-01-16 06:05:00,R102,87,48,45,128,2,2,8,1,0
2024-01-16 06:10:00,R101,147,33,97,65,4,0,9,1,1
2024-01-16 06:15:00,R105,82,64,34,78,4,0,0,1,0
2024-01-16 06:20:00,R102,132,35,54,13,3,0,13,1,1
2024-01-16 06:25:00,R104,109,34,28,138,2,1,0,0,0
2024-01-16 06:30:00,R102,100,45,16,59,2,2,9,1,0
2024-01-16 06:35:00,R101,122,67,67,93,2,2,10,1,0
2024-01-16 06:40:00,R103,179,21,90,79,2,2,19,1,2
2024-01-16 06:45:00,R103,135,10,75,29,4,0,1,1,2
2024-01-16 06:50:00,R104,32,59,89,36,4,1,22,1,0
2024-01-16 06:55:00,R104,143,34,48,35,3,2,1,1,1
2024-01-16 07:00:00,R103,166,14,27,19,2,2,22,0,0
2024-01-16 07:05:00,R104,171,77,10,91,3,1,23,1,0
2024-01-16 07:10:00,R102,107,15,72,114,3,2,10,1,2
2024-01-16 07:15:00,R105,30,35,12,149,3,1,7,1,0
2024-01-16 07:20:00,R105,34,64,30,97,3,1,2,1,0
2024-01-16 07:25:00,R102,29,48,39,33,3,2,8,0,0
2024-01-16 07:30:00,R105,60,18,20,126,4,1,15,0,0
2024-01-16 07:35:00,R101,174,54,31,55,4,1,15,1,0
2024-01-16 07:40:00,R102,92,23,66,145,3,2,9,1,1
2024-01-16 07:45:00,R104,71,64,98,64,4,0,5,1,0
2024-01-16 07:50:00,R102,147,18,12,87,4,2,19,1,0
2024-01-16 07:55:00,R103,47,24,39,97,3,2,23,0,0
2024-01-16 08:00:00,R104,84,46,97,25,4,0,19,1,0
2024-01-16 08:05:00,R103,36,59,54,47,4,1,19,0,0
2024-01-16 08:10:00,R104,114,30,45,120,2,2,10,0,1
2024-01-16 08:15:00,R105,191,66,96,24,3,0,7,1,0
2024-01-16 08:20:00,R102,157,28,81,87,2,0,19,1,1
2024-01-16 08:25:00,R101,82,67,73,85,2,2,0,0,0
2024-01-16 08:30:00,R104,194,15,63,81,3,2,5,1,1
2024-01-16 08:35:00,R104,57,13,77,28,2,0,7,0,2
2024-01-16 08:40:00,R103,89,52,59,129,2,2,13,1,0
2024-01-16 08:45:00,R105,123,51,40,72,4,0,2,1,0
2024-01-16 08:50:00,R103,72,12,38,114,2,2,1,1,0
2024-01-16 08:55:00,R103,191,10,68,41,3,0,21,1,1
2024-01-16 09:00:00,R105,138,64,45,119,4,2,0,0,0
2024-01-16 09:05:00,R101,93,24,86,16,4,2,10,1,2
2024-01-16 09:10:00,R103,73,56,82,148,4,2,20,1,0
2024-01-16 09:15:00,R103,39,55,94,96,3,1,5,1,0
2024-01-16 09:20:00,R104,98,67,76,40,3,2,7,0,0
2024-01-16 09:25:00,R105,50,48,98,54,3,0,6,1,0
2024-01-16 09:30:00,R102,154,12,98,65,2,0,5,0,2
2024-01-16 09:35:00,R101,77,39,85,40,2,1,17,0,1
2024-01-16 09:40:00,R101,124,44,20,10,4,1,11,1,0
2024-01-16 09:45:00,R105,29,66,20,148,4,1,7,0,0
2024-01-16 09:50:00,R104,29,38,35,102,3,2,23,1,0
2024-01-16 09:55:00,R104,58,59,62,77,3,2,20,1,0
2024-01-16 10:00:00,R105,175,71,23,45,2,0,18,1,0
2024-01-16 10:05:00,R104,177,61,73,88,2,0,23,0,0
2024-01-16 10:10:00,R101,56,23,89,76,3,2,4,0,2
2024-01-16 10:15:00,R101,138,44,19,60,3,0,18,0,0
2024-01-16 10:20:00,R102,86,37,40,139,2,2,8,1,0
2024-01-16 10:25:00,R105,62,67,45,15,4,1,11,1,0
2024-01-16 10:30:00,R103,71,39,19,63,4,2,14,0,0
2024-01-16 10:35:00,R103,120,16,35,97,2,2,22,0,0
2024-01-16 10:40:00,R102,75,48,29,14,2,2,12,1,0
2024-01-16 10:45:00,R102,95,78,53,11,4,0,23,0,0
2024-01-16 10:50:00,R104,87,44,71,67,2,2,12,1,1
2024-01-16 10:55:00,R102,156,61,82,21,4,2,20,1,0
2024-01-16 11:00:00,R102,125,23,88,14,4,2,20,0,2
2024-01-16 11:05:00,R103,144,72,18,115,2,1,4,1,0
2024-01-16 11:10:00,R104,111,45,80,138,3,2,1,1,0
2024-01-16 11:15:00,R102,42,33,99,65,3,2,18,0,1
2024-01-16 11:20:00,R102,128,49,33,79,3,2,7,0,0
2024-01-16 11:25:00,R104,80,38,21,65,3,0,13,0,0
2024-01-16 11:30:00,R105,187,62,69,63,3,1,5,1,0
2024-01-16 11:35:00,R104,63,31,93,148,3,1,6,1,1
2024-01-16 11:40:00,R103,171,24,87,12,3,2,13,0,2
2024-01-16 11:45:00,R105,198,78,95,104,2,2,5,1,0
2024-01-16 11:50:00,R101,180,73,25,37,2,0,15,0,0
2024-01-16 11:55:00,R104,35,13,38,120,3,2,3,1,0
2024-01-16 12:00:00,R103,41,27,41,116,2,0,6,1,1
2024-01-16 12:05:00,R105,76,51,92,129,4,2,15,1,0
2024-01-16 12:10:00,R104,81,39,44,142,3,0,3,1,1
2024-01-16 12:15:00,R102,126,24,52,133,4,1,6,1,1
2024-01-16 12:20:00,R104,90,79,62,99,2,2,20,0,0
2024-01-16 12:25:00,R101,109,64,29,25,3,0,1,0,0
2024-01-16 12:30:00,R104,91,62,93,40,4,0,22,1,0
2024-01-16 12:35:00,R105,89,25,17,37,2,2,7,0,0
2024-01-16 12:40:00,R105,49,43,51,144,3,0,9,0,1
2024-01-16 12:45:00,R104,122,36,86,146,3,2,1,1,1
2024-01-16 12:50:00,R105,170,22,79,48,4,2,5,1,2
2024-01-16 12:55:00,R102,51,36,25,36,4,0,3,1,0
2024-01-16 13:00:00,R104,105,78,78,85,4,0,20,0,0
2024-01-16 13:05:00,R102,76,40,62,126,2,0,0,0,1
2024-01-16 13:10:00,R102,128,12,54,98,4,1,5,0,1
2024-01-16 13:15:00,R103,28,39,60,116,4,2,11,1,1
2024-01-16 13:20:00,R104,50,30,15,131,4,2,13,1,0
2024-01-16 13:25:00,R105,90,15,42,135,3,1,14,1,1
2024-01-16 13:30:00,R102,156,41,88,107,4,1,23,1,1
2024-01-16 13:35:00,R103,32,51,24,42,4,0,17,1,0
2024-01-16 13:40:00,R104,150,71,23,100,2,2,16,0,0
2024-01-16 13:45:00,R104,54,41,48,129,2,1,8,0,1
2024-01-16 13:50:00,R101,40,48,72,11,4,1,14,0,0
2024-01-16 13:55:00,R101,83,73,14,22,2,2,17,1,0
2024-01-16 14:00:00,R102,114,39,99,33,2,2,23,1,1
2024-01-16 14:05:00,R101,199,72,90,78,2,2,20,0,0
2024-01-16 14:10:00,R102,53,40,61,43,3,0,17,0,1
2024-01-16 14:15:00,R105,140,49,25,96,4,1,4,1,0
2024-01-16 14:20:00,R102,182,42,47,28,4,0,15,0,1
2024-01-16 14:25:00,R101,34,72,62,39,4,2,8,1,0
2024-01-16 14:30:00,R105,139,34,96,58,2,2,21,0,1
2024-01-16 14:35:00,R101,115,45,86,123,2,1,2,0,0
2024-01-16 14:40:00,R102,25,33,62,125,2,0,11,0,1
2024-01-16 14:45:00,R103,128,67,55,148,3,0,23,0,0
2024-01-16 14:50:00,R104,116,48,24,87,2,0,13,1,0
2024-01-16 14:55:00,R101,51,55,68,44,3,2,0,1,0
2024-01-16 15:00:00,R102,199,19,59,80,4,1,8,1,1
2024-01-16 15:05:00,R105,102,41,18,117,2,0,8,0,0
2024-01-16 15:10:00,R101,175,45,35,63,3,2,19,1,0
2024-01-16 15:15:00,R101,137,37,12,32,3,2,12,0,0
2024-01-16 15:20:00,R104,98,25,56,19,2,0,7,1,1
2024-01-16 15:25:00,R102,97,25,14,70,3,1,10,0,0
2024-01-16 15:30:00,R103,166,27,71,145,2,1,13,1,1
2024-01-16 15:35:00,R105,126,17,93,57,3,0,15,1,2
2024-01-16 15:40:00,R102,145,79,93,121,4,2,10,0,0
2024-01-16 15:45:00,R105,34,10,14,135,4,2,18,1,0
2024-01-16 15:50:00,R101,153,71,19,96,4,0,21,0,0
2024-01-16 15:55:00,R104,92,47,89,35,2,2,9,0,0
2024-01-16 16:00:00,R104,120,54,72,61,4,2,7,0,0
2024-01-16 16:05:00,R103,117,67,34,15,4,0,10,1,0
2024-01-16 16:10:00,R104,185,10,53,17,4,2,7,1,1
2024-01-16 16:15:00,R101,45,41,34,26,2,0,19,1,0
2024-01-16 16:20:00,R103,111,17,39,85,3,0,9,1,0
2024-01-16 16:25:00,R102,144,49,23,43,2,0,16,1,0
2024-01-16 16:30:00,R104,198,65,95,79,2,2,22,0,0
2024-01-16 16:35:00,R103,92,72,52,91,4,0,10,1,0
2024-01-16 16:40:00,R101,142,45,37,127,3,2,11,1,0
2024-01-16 16:45:00,R105,72,66,28,47,4,0,9,1,0
2024-01-16 16:50:00,R105,97,54,51,111,4,1,19,0,0
2024-01-16 16:55:00,R101,111,11,29,49,2,2,16,0,0
2024-01-16 17:00:00,R101,107,77,95,146,2,2,2,0,0
2024-01-16 17:05:00,R105,32,59,88,62,2,2,6,0,0
2024-01-16 17:10:00,R103,62,38,20,127,4,1,2,1,0
2024-01-16 17:15:00,R105,95,19,63,75,3,0,16,0,1
2024-01-16 17:20:00,R101,70,36,33,89,3,1,22,1,0
2024-01-16 17:25:00,R104,38,24,79,61,4,0,7,1,2
2024-01-16 17:30:00,R102,168,69,26,138,3,0,20,1,0
2024-01-16 17:35:00,R104,141,40,37,133,4,0,21,0,0
2024-01-16 17:40:00,R104,43,30,59,121,3,0,18,1,1
2024-01-16 17:45:00,R101,45,69,64,10,4,0,13,0,0
2024-01-16 17:50:00,R105,192,67,82,25,3,1,4,0,0
2024-01-16 17:55:00,R103,175,50,19,121,2,2,18,0,0
2024-01-16 18:00:00,R104,139,55,30,121,2,1,12,0,0
2024-01-16 18:05:00,R105,101,54,67,111,2,2,17,0,0
2024-01-16 18:10:00,R103,119,35,43,91,2,2,22,0,1
2024-01-16 18:15:00,R104,176,60,52,108,4,2,10,0,0
2024-01-16 18:20:00,R103,36,45,20,49,3,1,22,1,0
2024-01-16 18:25:00,R105,87,61,42,45,4,0,11,0,0
2024-01-16 18:30:00,R102,63,60,67,134,2,0,7,1,0
2024-01-16 18:35:00,R105,80,12,55,13,3,2,11,0,1
2024-01-16 18:40:00,R101,142,23,70,127,4,0,0,1,1
2024-01-16 18:45:00,R103,112,58,71,34,2,0,17,1,0
2024-01-16 18:50:00,R102,93,10,10,104,3,1,1,1,0
2024-01-16 18:55:00,R103,172,66,30,87,3,0,11,1,0
2024-01-16 19:00:00,R103,86,26,71,21,2,0,18,0,1
2024-01-16 19:05:00,R104,130,59,73,36,2,1,22,1,0
2024-01-16 19:10:00,R101,21,23,96,72,3,0,6,0,2
2024-01-16 19:15:00,R103,108,68,82,64,2,2,6,0,0
2024-01-16 19:20:00,R105,196,12,65,91,4,1,0,0,1
2024-01-16 19:25:00,R105,45,49,10,23,2,0,17,1,0
2024-01-16 19:30:00,R104,118,75,30,65,2,0,7,0,0
2024-01-16 19:35:00,R101,46,43,31,95,2,1,9,1,0
2024-01-16 19:40:00,R101,108,18,63,35,3,2,22,0,1
2024-01-16 19:45:00,R105,165,30,13,101,3,1,0,1,0
2024-01-16 19:50:00,R102,20,34,74,45,2,2,14,0,1
2024-01-16 19:55:00,R104,122,53,60,87,3,1,14,1,0
2024-01-16 20:00:00,R104,150,34,83,121,2,0,3,1,1
2024-01-16 20:05:00,R105,60,18,72,32,4,1,9,0,2
2024-01-16 20:10:00,R105,184,71,24,128,3,1,7,0,0
2024-01-16 20:15:00,R102,70,35,45,125,2,2,13,1,1
2024-01-16 20:20:00,R102,34,66,38,31,3,1,12,1,0
2024-01-16 20:25:00,R101,27,46,61,37,4,2,20,1,0
2024-01-16 20:30:00,R104,57,25,55,52,4,1,16,1,1
2024-01-16 20:35:00,R104,133,46,78,85,2,0,6,1,0
2024-01-16 20:40:00,R105,102,33,38,27,3,1,5,1,0
2024-01-16 20:45:00,R101,75,35,56,109,4,0,8,0,1
2024-01-16 20:50:00,R104,194,29,34,133,3,2,19,0,0
2024-01-16 20:55:00,R101,122,18,89,118,2,2,19,1,2
2024-01-16 21:00:00,R101,157,38,25,45,4,2,7,0,0
2024-01-16 21:05:00,R105,121,40,98,134,4,2,13,1,1
2024-01-16 21:10:00,R101,97,28,50,16,3,1,19,0,1
2024-01-16 21:15:00,R102,196,29,74,32,4,1,2,1,1
2024-01-16 21:20:00,R102,188,36,78,126,2,1,22,1,1
2024-01-16 21:25:00,R103,102,53,29,123,2,0,12,0,0
2024-01-16 21:30:00,R105,49,44,78,105,4,1,20,0,1
2024-01-16 21:35:00,R103,24,31,45,30,2,0,8,0,1
2024-01-16 21:40:00,R102,138,24,67,79,4,0,20,1,1
2024-01-16 21:45:00,R103,50,22,57,62,4,1,8,0,1
2024-01-16 21:50:00,R105,199,13,91,93,4,0,21,1,2
2024-01-16 21:55:00,R105,42,65,11,115,4,2,21,0,0
2024-01-16 22:00:00,R101,67,32,89,50,3,1,10,0,1
2024-01-16 22:05:00,R104,128,43,38,137,4,1,5,0,0
2024-01-16 22:10:00,R101,59,26,25,97,2,0,22,1,0
2024-01-16 22:15:00,R105,25,37,44,112,3,1,11,1,1
2024-01-16 22:20:00,R102,57,23,71,116,2,1,3,0,2
2024-01-16 22:25:00,R102,188,43,90,26,4,0,3,1,1
2024-01-16 22:30:00,R101,119,66,13,34,2,1,22,1,0
2024-01-16 22:35:00,R105,46,64,77,73,3,1,21,0,0
2024-01-16 22:40:00,R102,88,75,60,95,2,1,16,0,0
2024-01-16 22:45:00,R105,76,46,98,128,3,0,6,0,0
2024-01-16 22:50:00,R102,36,77,42,44,4,1,5,0,0
2024-01-16 22:55:00,R105,90,35,87,46,4,1,19,1,1
2024-01-16 23:00:00,R103,66,70,33,64,2,1,7,0,0
2024-01-16 23:05:00,R105,98,76,84,138,2,2,6,1,0
2024-01-16 23:10:00,R105,129,61,34,62,4,1,7,0,0
2024-01-16 23:15:00,R101,32,27,37,82,4,0,8,0,0
2024-01-16 23:20:00,R103,158,62,16,122,2,2,0,0,0
2024-01-16 23:25:00,R104,143,72,45,22,4,0,2,0,0
2024-01-16 23:30:00,R101,128,62,19,56,3,1,17,0,0
2024-01-16 23:35:00,R104,109,36,45,37,3,1,18,0,1
2024-01-16 23:40:00,R102,105,40,92,62,2,1,10,1,1
2024-01-16 23:45:00,R104,111,10,27,40,2,2,15,1,0
2024-01-16 23:50:00,R105,43,15,15,17,4,1,17,1,0
2024-01-16 23:55:00,R104,92,20,16,81,4,0,5,1,0
2024-01-17 00:00:00,R101,23,43,21,133,3,2,1,1,0
2024-01-17 00:05:00,R101,132,72,50,107,2,0,3,1,0
2024-01-17 00:10:00,R104,65,62,72,96,2,0,4,1,0
2024-01-17 00:15:00,R101,37,27,34,83,2,0,20,0,0
2024-01-17 00:20:00,R101,62,30,90,110,2,0,13,1,1
2024-01-17 00:25:00,R104,180,28,62,34,3,0,0,0,1
2024-01-17 00:30:00,R103,112,13,42,124,3,1,21,1,1
2024-01-17 00:35:00,R103,122,38,96,42,2,0,13,1,1
2024-01-17 00:40:00,R102,143,34,82,144,3,0,20,0,1
2024-01-17 00:45:00,R101,29,65,15,106,2,1,12,0,0
2024-01-17 00:50:00,R104,92,72,71,121,3,2,21,0,0
2024-01-17 00:55:00,R101,50,36,75,105,4,1,15,0,1
2024-01-17 01:00:00,R105,175,69,18,14,3,2,3,0,0
2024-01-17 01:05:00,R101,79,58,76,130,2,0,5,1,0
2024-01-17 01:10:00,R101,150,74,25,119,4,1,8,0,0
2024-01-17 01:15:00,R103,137,47,98,26,2,2,0,0,0
2024-01-17 01:20:00,R104,33,61,97,85,4,2,21,0,0
2024-01-17 01:25:00,R101,162,10,64,61,4,1,16,1,1
2024-01-17 01:30:00,R103,21,49,49,149,3,1,22,0,0
2024-01-17 01:35:00,R102,43,30,35,71,3,1,3,0,0
2024-01-17 01:40:00,R103,83,24,47,30,4,1,5,0,1
2024-01-17 01:45:00,R103,119,59,44,94,4,1,15,1,0
2024-01-17 01:50:00,R103,133,57,96,30,4,0,6,0,0
2024-01-17 01:55:00,R101,43,41,77,137,2,0,4,1,1
2024-01-17 02:00:00,R101,174,58,68,63,3,1,8,1,0
2024-01-17 02:05:00,R102,184,77,23,35,2,1,23,0,0
2024-01-17 02:10:00,R105,110,54,56,62,3,0,18,1,0
2024-01-17 02:15:00,R105,186,41,80,75,2,2,0,1,1
2024-01-17 02:20:00,R105,45,13,81,16,3,0,7,1,2
2024-01-17 02:25:00,R102,84,74,51,41,4,1,19,1,0
2024-01-17 02:30:00,R105,139,74,60,96,4,2,22,1,0
2024-01-17 02:35:00,R105,23,27,28,11,3,1,3,1,0
2024-01-17 02:40:00,R103,176,63,75,84,4,2,22,0,0
2024-01-17 02:45:00,R101,20,56,56,38,4,1,16,1,0
2024-01-17 02:50:00,R101,69,15,74,136,2,0,0,1,2
2024-01-17 02:55:00,R103,129,75,51,58,3,1,1,0,0
2024-01-17 03:00:00,R103,158,18,47,41,4,0,20,1,1
2024-01-17 03:05:00,R103,93,77,22,24,3,2,13,0,0
2024-01-17 03:10:00,R101,81,32,53,71,2,0,21,0,1
2024-01-17 03:15:00,R105,100,52,33,87,3,2,1,1,0
2024-01-17 03:20:00,R103,183,60,39,26,2,1,0,1,0
2024-01-17 03:25:00,R102,75,34,79,31,2,0,12,1,1
2024-01-17 03:30:00,R103,130,44,47,90,2,2,22,0,1
2024-01-17 03:35:00,R104,40,26,32,17,4,2,7,1,0
2024-01-17 03:40:00,R103,160,27,83,40,2,2,21,0,1
2024-01-17 03:45:00,R101,28,36,66,21,3,2,8,1,1
2024-01-17 03:50:00,R103,158,24,88,42,3,1,23,1,2
2024-01-17 03:55:00,R104,89,78,32,21,4,1,19,1,0
2024-01-17 04:00:00,R102,148,24,45,34,4,1,20,0,1
2024-01-17 04:05:00,R105,137,51,66,57,2,2,1,0,0
2024-01-17 04:10:00,R103,75,43,10,92,2,1,16,1,0
2024-01-17 04:15:00,R104,50,57,81,64,2,2,5,0,0
2024-01-17 04:20:00,R104,56,17,12,140,4,2,2,1,0
2024-01-17 04:25:00,R102,194,19,23,134,4,2,19,0,0
2024-01-17 04:30:00,R101,110,14,90,78,3,0,16,0,2
2024-01-17 04:35:00,R103,133,57,43,60,2,1,5,1,0
2024-01-17 04:40:00,R104,147,35,79,36,2,1,7,1,1
2024-01-17 04:45:00,R102,194,32,78,34,3,0,13,0,1
2024-01-17 04:50:00,R105,141,71,60,42,3,0,9,0,0
2024-01-17 04:55:00,R104,88,22,38,71,3,0,19,0,0
2024-01-17 05:00:00,R102,55,18,91,39,3,0,9,1,2
2024-01-17 05:05:00,R101,51,29,57,50,2,2,14,1,1
2024-01-17 05:10:00,R101,83,66,88,126,4,1,7,0,0
2024-01-17 05:15:00,R104,189,33,88,13,2,1,10,1,1
2024-01-17 05:20:00,R104,67,42,25,75,3,1,15,0,0
2024-01-17 05:25:00,R103,100,29,66,69,4,2,2,1,1
2024-01-17 05:30:00,R102,177,69,19,146,2,1,14,1,0
2024-01-17 05:35:00,R104,168,57,28,40,3,0,12,0,0
2024-01-17 05:40:00,R103,79,73,76,98,4,1,10,1,0
2024-01-17 05:45:00,R103,160,39,45,109,4,1,13,0,1
2024-01-17 05:50:00,R104,20,26,13,128,4,2,6,1,0
2024-01-17 05:55:00,R101,84,23,84,78,2,0,18,0,2
2024-01-17 06:00:00,R102,52,28,42,33,3,0,14,1,1
2024-01-17 06:05:00,R102,57,68,37,32,2,0,5,1,0
2024-01-17 06:10:00,R101,44,76,89,72,2,1,19,1,0
2024-01-17 06:15:00,R104,173,53,18,127,2,0,21,0,0
2024-01-17 06:20:00,R102,78,41,84,123,4,0,6,0,1
2024-01-17 06:25:00,R104,180,20,15,15,3,1,23,1,0
2024-01-17 06:30:00,R104,120,11,58,15,2,2,13,1,1
2024-01-17 06:35:00,R103,146,77,85,39,3,1,21,0,0
2024-01-17 06:40:00,R101,60,26,31,10,4,2,3,0,0
2024-01-17 06:45:00,R104,177,49,57,72,2,2,8,1,0
2024-01-17 06:50:00,R105,76,55,30,145,3,0,6,1,0
2024-01-17 06:55:00,R101,196,13,42,37,4,0,14,0,1
2024-01-17 07:00:00,R102,67,47,90,98,2,1,2,0,0
2024-01-17 07:05:00,R103,91,72,65,62,2,2,4,0,0
2024-01-17 07:10:00,R102,196,38,38,47,3,1,16,1,0
2024-01-17 07:15:00,R102,194,28,62,61,3,0,23,1,1
2024-01-17 07:20:00,R101,75,38,49,87,2,2,0,0,1
2024-01-17 07:25:00,R102,84,44,83,148,2,0,0,0,1
2024-01-17 07:30:00,R104,31,79,27,139,4,0,15,1,0
2024-01-17 07:35:00,R102,88,32,56,62,4,0,22,1,1
2024-01-17 07:40:00,R103,153,55,22,103,2,2,13,1,0
2024-01-17 07:45:00,R103,108,53,36,103,3,2,10,1,0
2024-01-17 07:50:00,R105,44,57,71,16,3,0,13,0,0
2024-01-17 07:55:00,R103,20,61,83,76,2,2,7,1,0
2024-01-17 08:00:00,R102,179,17,54,146,4,0,18,1,1
2024-01-17 08:05:00,R103,150,64,12,125,2,0,1,1,0
2024-01-17 08:10:00,R101,68,75,31,148,3,0,22,0,0
2024-01-17 08:15:00,R103,166,49,36,46,2,2,9,0,0
2024-01-17 08:20:00,R104,79,40,64,17,2,1,4,0,1
2024-01-17 08:25:00,R101,176,57,76,144,4,1,14,1,0
2024-01-17 08:30:00,R105,197,70,42,68,3,2,0,1,0
2024-01-17 08:35:00,R104,21,61,11,132,3,2,1,1,0
2024-01-17 08:40:00,R102,92,47,84,16,2,0,18,1,0
2024-01-17 08:45:00,R102,164,45,55,129,3,0,21,0,0
2024-01-17 08:50:00,R102,129,64,83,12,3,1,16,1,0
2024-01-17 08:55:00,R104,183,22,42,76,3,0,14,0,1
2024-01-17 09:00:00,R104,80,46,67,27,3,1,23,1,0
2024-01-17 09:05:00,R104,36,56,16,54,4,1,17,1,0
2024-01-17 09:10:00,R101,68,31,24,106,4,2,20,1,0
2024-01-17 09:15:00,R101,95,48,35,101,4,2,7,1,0
2024-01-17 09:20:00,R102,167,67,20,88,4,2,20,1,0
2024-01-17 09:25:00,R103,197,39,47,68,4,1,13,1,1
2024-01-17 09:30:00,R102,150,27,36,92,3,2,7,0,0
2024-01-17 09:35:00,R105,62,27,16,118,2,1,21,0,0
2024-01-17 09:40:00,R101,76,48,10,64,2,2,22,0,0
2024-01-17 09:45:00,R104,69,35,83,144,4,1,7,0,1
2024-01-17 09:50:00,R101,197,16,30,100,3,0,18,0,0
2024-01-17 09:55:00,R104,56,78,88,92,4,0,12,1,0
2024-01-17 10:00:00,R105,65,74,39,135,2,1,4,1,0
2024-01-17 10:05:00,R105,189,55,17,90,3,1,9,0,0
2024-01-17 10:10:00,R101,34,27,97,148,3,0,6,1,1
2024-01-17 10:15:00,R104,180,22,92,14,3,1,8,1,2
2024-01-17 10:20:00,R105,99,34,12,75,2,1,13,1,0
2024-01-17 10:25:00,R102,158,17,64,120,2,0,5,1,1
2024-01-17 10:30:00,R102,167,41,24,21,4,1,9,0,0
2024-01-17 10:35:00,R104,43,26,45,115,4,2,0,1,1
2024-01-17 10:40:00,R101,144,57,15,84,2,0,10,0,0
2024-01-17 10:45:00,R105,137,72,51,147,4,2,7,0,0
2024-01-17 10:50:00,R101,99,49,59,37,2,1,5,1,0
2024-01-17 10:55:00,R102,113,24,27,16,3,1,16,1,0
2024-01-17 11:00:00,R105,84,15,92,86,4,2,3,1,2
2024-01-17 11:05:00,R101,107,72,59,70,2,1,5,0,0
2024-01-17 11:10:00,R103,107,17,39,60,2,1,14,1,0
2024-01-17 11:15:00,R104,164,41,86,145,2,2,9,0,1
2024-01-17 11:20:00,R104,145,54,48,138,4,1,16,1,0
2024-01-17 11:25:00,R103,108,61,21,20,4,0,9,0,0
2024-01-17 11:30:00,R102,80,22,68,116,3,2,4,0,1
2024-01-17 11:35:00,R105,34,33,85,57,4,2,18,0,1
2024-01-17 11:40:00,R104,113,49,53,147,4,2,6,0,0
2024-01-17 11:45:00,R103,70,23,97,112,4,2,23,0,2
2024-01-17 11:50:00,R103,46,79,13,56,3,0,18,0,0
2024-01-17 11:55:00,R102,93,71,45,121,3,2,9,0,0
2024-01-17 12:00:00,R102,80,70,57,15,3,2,18,1,0
2024-01-17 12:05:00,R101,50,10,23,20,4,1,10,0,0
2024-01-17 12:10:00,R104,31,75,90,26,2,2,2,1,0
2024-01-17 12:15:00,R101,65,41,58,25,4,1,10,1,1
2024-01-17 12:20:00,R103,178,22,76,65,3,2,5,1,2
2024-01-17 12:25:00,R105,51,42,96,75,4,2,5,0,1
2024-01-17 12:30:00,R105,179,41,86,92,4,0,14,0,1
2024-01-17 12:35:00,R102,80,65,18,84,2,1,2,1,0
2024-01-17 12:40:00,R105,65,33,30,136,2,0,21,0,0
2024-01-17 12:45:00,R105,104,13,81,140,4,1,10,0,2
2024-01-17 12:50:00,R105,99,32,90,27,3,2,7,1,1
2024-01-17 12:55:00,R103,154,38,25,98,4,0,22,1,0
2024-01-17 13:00:00,R105,23,30,25,103,4,1,22,1,0
2024-01-17 13:05:00,R105,71,39,37,26,4,1,7,1,0
2024-01-17 13:10:00,R105,178,29,60,123,3,0,22,1,1
2024-01-17 13:15:00,R101,131,25,65,116,3,1,15,1,1
2024-01-17 13:20:00,R103,55,76,89,108,3,2,2,1,0
2024-01-17 13:25:00,R102,73,58,66,22,3,1,7,0,0
2024-01-17 13:30:00,R101,138,67,61,72,3,2,7,0,0
2024-01-17 13:35:00,R104,146,53,55,23,4,1,12,0,0
2024-01-17 13:40:00,R103,36,34,87,27,3,0,0,1,1
2024-01-17 13:45:00,R103,94,32,47,142,4,2,9,0,1
2024-01-17 13:50:00,R104,177,68,93,23,4,1,4,1,0
2024-01-17 13:55:00,R104,124,10,57,34,4,2,4,1,1
2024-01-17 14:00:00,R104,169,24,50,53,2,0,16,1,1
2024-01-17 14:05:00,R102,136,61,68,130,3,1,21,0,0
2024-01-17 14:10:00,R105,62,67,76,48,3,1,13,1,0
2024-01-17 14:15:00,R103,131,50,83,149,4,2,5,1,0
2024-01-17 14:20:00,R105,134,53,93,113,2,0,13,1,0
2024-01-17 14:25:00,R105,46,13,75,71,3,0,11,0,2
2024-01-17 14:30:00,R104,56,77,36,62,4,1,19,0,0
2024-01-17 14:35:00,R102,65,16,41,62,2,2,21,1,1
2024-01-17 14:40:00,R101,132,55,65,127,4,1,21,1,0
2024-01-17 14:45:00,R102,54,18,19,74,2,1,0,1,0
2024-01-17 14:50:00,R105,151,42,49,140,4,2,4,0,1
2024-01-17 14:55:00,R102,99,42,26,52,3,0,17,1,0
2024-01-17 15:00:00,R104,99,13,67,59,4,1,13,1,1
2024-01-17 15:05:00,R101,173,74,15,146,4,1,6,0,0
2024-01-17 15:10:00,R104,140,43,48,45,2,2,14,0,1
2024-01-17 15:15:00,R101,166,73,27,32,2,2,8,0,0
2024-01-17 15:20:00,R105,141,34,82,83,3,1,14,0,1
2024-01-17 15:25:00,R101,100,64,81,59,4,0,15,0,0
2024-01-17 15:30:00,R101,192,18,98,64,2,2,8,0,2
2024-01-17 15:35:00,R101,173,26,51,134,3,1,6,1,1
2024-01-17 15:40:00,R102,169,30,13,21,3,0,6,0,0
2024-01-17 15:45:00,R102,138,69,29,92,2,2,16,0,0
2024-01-17 15:50:00,R105,77,22,37,41,2,2,10,1,0
2024-01-17 15:55:00,R101,82,12,49,95,4,1,5,1,1
2024-01-17 16:00:00,R103,175,77,74,28,3,2,13,1,0
2024-01-17 16:05:00,R105,191,13,53,60,2,1,14,0,1
2024-01-17 16:10:00,R101,119,16,32,73,3,2,20,0,0
2024-01-17 16:15:00,R101,190,35,66,139,4,0,7,0,1
2024-01-17 16:20:00,R102,184,33,56,137,2,0,23,0,1
2024-01-17 16:25:00,R105,85,19,22,148,3,2,3,0,0
2024-01-17 16:30:00,R101,164,22,25,73,2,1,0,1,0
2024-01-17 16:35:00,R101,187,53,99,10,4,2,5,1,0
2024-01-17 16:40:00,R105,185,48,64,98,4,1,0,0,0
2024-01-17 16:45:00,R103,104,28,74,35,4,2,20,0,1
2024-01-17 16:50:00,R105,156,60,90,148,4,0,4,1,0
2024-01-17 16:55:00,R105,163,28,25,96,2,1,18,0,0
2024-01-17 17:00:00,R103,142,61,46,11,2,0,4,1,0
2024-01-17 17:05:00,R105,21,56,61,102,3,0,21,1,0
2024-01-17 17:10:00,R101,125,39,19,128,3,0,4,1,0
2024-01-17 17:15:00,R105,127,55,47,141,2,2,16,1,0
2024-01-17 17:20:00,R103,91,30,53,89,2,1,11,1,1
2024-01-17 17:25:00,R104,190,57,83,120,3,0,6,1,0
2024-01-17 17:30:00,R105,145,71,63,135,2,1,14,1,0
2024-01-17 17:35:00,R102,189,67,60,14,4,1,18,1,0
2024-01-17 17:40:00,R101,76,27,61,35,4,0,22,0,1
2024-01-17 17:45:00,R101,100,68,79,15,4,2,20,1,0
2024-01-17 17:50:00,R102,177,57,68,132,3,0,12,1,0
2024-01-17 17:55:00,R102,160,72,22,53,2,0,11,1,0
2024-01-17 18:00:00,R105,38,21,50,67,3,1,18,1,1
2024-01-17 18:05:00,R102,26,43,21,90,3,2,12,1,0
2024-01-17 18:10:00,R104,156,70,59,55,2,1,5,0,0
2024-01-17 18:15:00,R103,73,62,66,111,3,2,0,1,0
2024-01-17 18:20:00,R102,123,34,59,57,4,0,5,0,1
2024-01-17 18:25:00,R102,105,71,66,123,2,2,12,1,0
2024-01-17 18:30:00,R104,101,13,63,29,4,1,12,1,1
2024-01-17 18:35:00,R101,80,22,75,124,4,0,12,0,2
2024-01-17 18:40:00,R101,106,51,17,85,2,2,19,0,0
2024-01-17 18:45:00,R105,21,58,72,130,4,2,3,1,0
2024-01-17 18:50:00,R104,197,65,18,118,4,1,4,1,0
2024-01-17 18:55:00,R103,50,56,69,77,4,2,12,0,0
2024-01-17 19:00:00,R103,52,17,72,141,2,0,8,0,2
2024-01-17 19:05:00,R104,99,64,81,75,2,2,16,1,0
2024-01-17 19:10:00,R103,30,27,12,144,2,1,2,0,0
2024-01-17 19:15:00,R101,180,44,82,92,3,2,19,0,1
2024-01-17 19:20:00,R103,147,41,22,18,4,0,17,0,0
2024-01-17 19:25:00,R103,154,33,18,26,3,0,14,0,0
2024-01-17 19:30:00,R104,147,16,98,122,3,2,22,0,2
2024-01-17 19:35:00,R104,50,22,61,149,4,2,0,1,1
2024-01-17 19:40:00,R103,195,78,71,129,2,0,8,1,0
2024-01-17 19:45:00,R102,145,51,17,20,3,1,5,1,0
2024-01-17 19:50:00,R104,66,40,54,35,2,0,17,1,1
2024-01-17 19:55:00,R105,126,35,62,72,2,2,0,1,1
2024-01-17 20:00:00,R105,38,41,72,31,4,2,21,1,1
2024-01-17 20:05:00,R101,100,61,90,143,3,1,6,0,0
2024-01-17 20:10:00,R103,142,29,66,19,3,0,9,0,1
2024-01-17 20:15:00,R102,153,49,63,92,2,0,5,0,0
2024-01-17 20:20:00,R101,126,68,28,35,4,1,6,1,0
2024-01-17 20:25:00,R103,68,23,76,80,3,0,5,0,2
2024-01-17 20:30:00,R104,92,53,55,46,2,1,7,0,0
2024-01-17 20:35:00,R105,69,57,19,145,2,0,1,0,0
2024-01-17 20:40:00,R102,100,52,27,142,2,1,8,0,0
2024-01-17 20:45:00,R105,114,25,21,135,4,1,8,0,0
2024-01-17 20:50:00,R104,31,44,58,124,4,1,6,1,1
2024-01-17 20:55:00,R103,42,62,32,101,2,2,8,1,0
2024-01-17 21:00:00,R104,73,43,71,126,2,2,16,0,1
2024-01-17 21:05:00,R104,137,12,20,58,4,2,2,0,0
2024-01-17 21:10:00,R105,78,77,82,45,2,0,15,1,0
2024-01-17 21:15:00,R102,183,14,65,35,2,1,15,1,1
2024-01-17 21:20:00,R104,22,19,97,54,4,0,1,0,2
2024-01-17 21:25:00,R105,77,61,98,70,2,0,10,0,0
2024-01-17 21:30:00,R102,76,38,64,141,2,1,15,1,1
2024-01-17 21:35:00,R103,164,40,34,85,2,2,14,1,0
2024-01-17 21:40:00,R103,186,75,18,67,4,0,0,0,0
2024-01-17 21:45:00,R101,109,78,21,114,4,0,20,0,0
2024-01-17 21:50:00,R105,74,46,20,35,4,0,16,1,0
2024-01-17 21:55:00,R102,64,36,47,104,3,2,2,0,1
2024-01-17 22:00:00,R104,20,42,37,88,3,1,21,1,0
2024-01-17 22:05:00,R103,40,77,17,137,3,1,21,0,0
2024-01-17 22:10:00,R102,40,68,83,146,3,0,18,0,0
2024-01-17 22:15:00,R105,71,73,98,87,4,1,19,1,0
2024-01-17 22:20:00,R101,101,53,56,45,2,2,6,0,0
2024-01-17 22:25:00,R103,190,58,45,141,4,1,21,0,0
2024-01-17 22:30:00,R102,199,62,59,68,3,0,10,1,0
2024-01-17 22:35:00,R102,86,58,18,133,4,0,17,1,0
2024-01-17 22:40:00,R102,132,75,69,97,2,1,13,1,0
2024-01-17 22:45:00,R105,63,72,81,90,3,0,15,0,0
2024-01-17 22:50:00,R105,179,34,76,26,2,2,5,1,1
2024-01-17 22:55:00,R105,29,13,62,60,2,2,1,1,1
2024-01-17 23:00:00,R104,83,60,91,64,2,2,22,1,0
2024-01-17 23:05:00,R102,88,20,26,90,3,2,10,1,0
2024-01-17 23:10:00,R103,87,26,62,119,4,0,10,0,1
2024-01-17 23:15:00,R105,47,75,37,149,3,0,9,1,0
2024-01-17 23:20:00,R105,135,79,72,95,3,1,3,0,0
2024-01-17 23:25:00,R102,70,78,24,11,4,0,16,0,0
2024-01-17 23:30:00,R105,23,38,28,141,4,1,9,1,0
2024-01-17 23:35:00,R104,98,29,95,54,4,0,8,1,1
2024-01-17 23:40:00,R104,36,36,79,22,4,1,12,1,1
2024-01-17 23:45:00,R105,127,17,56,64,2,1,10,0,1
2024-01-17 23:50:00,R102,93,70,80,31,3,2,9,1,0
2024-01-17 23:55:00,R102,194,37,57,98,3,1,23,1,1
2024-01-18 00:00:00,R102,42,79,82,64,3,1,4,1,0
2024-01-18 00:05:00,R101,37,12,29,145,4,1,2,0,0
2024-01-18 00:10:00,R105,148,78,46,106,3,1,3,1,0
2024-01-18 00:15:00,R102,54,16,84,147,2,1,2,0,2
2024-01-18 00:20:00,R104,83,69,11,28,3,2,9,0,0
2024-01-18 00:25:00,R103,78,13,73,137,3,1,23,0,2
2024-01-18 00:30:00,R103,20,14,95,76,2,1,12,1,2
2024-01-18 00:35:00,R102,150,20,45,70,2,1,4,1,1
2024-01-18 00:40:00,R103,86,24,14,72,3,0,12,0,0
2024-01-18 00:45:00,R103,56,73,73,114,4,0,23,1,0
2024-01-18 00:50:00,R101,48,22,16,113,4,2,0,0,0
2024-01-18 00:55:00,R104,108,16,79,148,3,1,10,1,2
2024-01-18 01:00:00,R104,180,15,31,143,3,1,2,1,0
2024-01-18 01:05:00,R101,119,65,83,43,3,0,16,1,0
2024-01-18 01:10:00,R101,141,73,55,108,3,1,18,0,0
2024-01-18 01:15:00,R103,109,59,49,73,4,2,12,1,0
2024-01-18 01:20:00,R105,151,39,70,96,3,1,15,0,1
2024-01-18 01:25:00,R103,33,31,55,90,2,2,17,1,1
2024-01-18 01:30:00,R101,180,34,93,75,4,0,22,1,1
2024-01-18 01:35:00,R104,169,37,37,92,4,2,19,1,0
2024-01-18 01:40:00,R103,195,48,96,101,2,2,22,1,0
2024-01-18 01:45:00,R105,150,76,44,145,3,2,18,0,0
2024-01-18 01:50:00,R103,104,14,10,47,3,2,5,0,0
2024-01-18 01:55:00,R102,170,74,38,139,3,2,22,1,0
2024-01-18 02:00:00,R103,40,24,18,134,3,2,6,0,0
2024-01-18 02:05:00,R101,190,76,18,50,3,2,14,0,0
2024-01-18 02:10:00,R104,45,49,31,28,2,2,4,0,0
2024-01-18 02:15:00,R104,60,78,72,114,3,2,15,1,0
2024-01-18 02:20:00,R101,141,52,75,139,2,0,5,1,0
2024-01-18 02:25:00,R102,57,10,89,101,2,2,2,1,2
2024-01-18 02:30:00,R101,107,31,67,105,2,2,11,1,1
2024-01-18 02:35:00,R103,30,71,79,71,3,1,3,0,0
2024-01-18 02:40:00,R101,48,35,64,25,3,1,21,0,1
2024-01-18 02:45:00,R101,79,27,22,103,4,1,2,1,0
2024-01-18 02:50:00,R102,80,57,28,125,4,2,15,1,0
2024-01-18 02:55:00,R103,166,18,88,65,2,0,15,1,2
2024-01-18 03:00:00,R105,193,10,42,74,4,0,22,0,1
2024-01-18 03:05:00,R105,196,18,83,63,2,1,18,1,2
2024-01-18 03:10:00,R104,41,32,74,95,4,1,14,1,1
2024-01-18 03:15:00,R101,97,54,69,59,3,2,8,1,0
2024-01-18 03:20:00,R104,132,11,21,114,3,0,19,0,0
2024-01-18 03:25:00,R102,142,23,52,31,2,0,1,1,1
2024-01-18 03:30:00,R105,161,47,26,49,2,1,5,0,0
2024-01-18 03:35:00,R101,63,49,77,48,3,0,13,1,0
2024-01-18 03:40:00,R102,163,72,38,114,3,1,8,1,0
2024-01-18 03:45:00,R102,116,25,64,77,3,1,9,1,1
2024-01-18 03:50:00,R101,96,15,16,16,4,2,17,0,0
2024-01-18 03:55:00,R102,159,12,53,94,4,1,14,1,1
2024-01-18 04:00:00,R101,74,23,86,141,4,2,3,0,2
2024-01-18 04:05:00,R101,70,75,14,85,4,0,4,1,0
2024-01-18 04:10:00,R103,121,76,69,100,2,0,22,0,0
2024-01-18 04:15:00,R104,186,40,15,93,2,1,20,1,0
2024-01-18 04:20:00,R102,180,42,16,40,4,1,5,1,0
2024-01-18 04:25:00,R102,180,10,55,108,2,2,14,0,1
2024-01-18 04:30:00,R103,48,53,66,61,4,2,19,0,0
2024-01-18 04:35:00,R103,88,24,63,121,4,0,1,1,1
2024-01-18 04:40:00,R103,178,46,55,81,3,0,15,1,0
2024-01-18 04:45:00,R105,99,36,19,30,4,1,4,1,0
2024-01-18 04:50:00,R105,50,57,13,25,2,1,22,0,0
2024-01-18 04:55:00,R105,131,36,76,25,4,2,3,1,1
2024-01-18 05:00:00,R101,65,21,34,65,3,1,0,0,0
2024-01-18 05:05:00,R102,116,76,96,91,2,2,7,0,0
2024-01-18 05:10:00,R104,71,39,87,87,3,0,20,0,1
2024-01-18 05:15:00,R101,157,75,70,46,4,0,9,1,0
2024-01-18 05:20:00,R102,93,16,47,69,4,1,14,1,1
2024-01-18 05:25:00,R102,60,43,41,20,4,2,1,1,1
2024-01-18 05:30:00,R103,96,41,32,135,4,1,18,1,0
2024-01-18 05:35:00,R103,150,48,46,75,2,1,11,0,0
2024-01-18 05:40:00,R101,133,52,12,135,4,2,9,1,0
2024-01-18 05:45:00,R103,71,52,22,41,3,1,11,0,0
2024-01-18 05:50:00,R102,181,12,43,65,2,2,20,0,1
2024-01-18 05:55:00,R103,196,55,97,14,2,2,19,0,0
2024-01-18 06:00:00,R105,175,41,74,140,2,1,8,1,1
2024-01-18 06:05:00,R103,106,52,85,99,3,2,7,1,0
2024-01-18 06:10:00,R102,128,12,17,103,3,0,1,1,0
2024-01-18 06:15:00,R101,160,72,92,81,3,0,20,0,0
2024-01-18 06:20:00,R104,88,49,18,109,3,0,23,0,0
2024-01-18 06:25:00,R103,139,27,37,38,4,0,23,1,0
2024-01-18 06:30:00,R102,86,76,87,68,4,1,6,0,0
2024-01-18 06:35:00,R104,80,71,27,34,3,0,3,0,0
2024-01-18 06:40:00,R104,90,19,51,106,3,0,18,0,1
2024-01-18 06:45:00,R105,171,61,50,110,4,0,7,1,0
2024-01-18 06:50:00,R104,170,55,79,126,4,0,23,1,0
2024-01-18 06:55:00,R102,49,64,42,32,3,1,12,1,0
2024-01-18 07:00:00,R102,165,55,98,79,2,0,20,0,0
2024-01-18 07:05:00,R103,115,69,86,88,2,2,2,1,0
2024-01-18 07:10:00,R103,75,35,63,88,3,2,4,1,1
2024-01-18 07:15:00,R103,72,36,96,107,2,1,19,0,1
2024-01-18 07:20:00,R104,26,47,45,23,4,1,7,0,0
2024-01-18 07:25:00,R104,116,31,94,38,2,1,1,1,1
2024-01-18 07:30:00,R105,132,35,65,96,3,0,23,1,1
2024-01-18 07:35:00,R103,144,78,26,19,2,1,9,1,0
2024-01-18 07:40:00,R101,199,44,19,56,2,0,21,0,0
2024-01-18 07:45:00,R105,151,75,96,13,2,1,15,1,0
2024-01-18 07:50:00,R101,181,60,53,21,4,2,3,0,0
2024-01-18 07:55:00,R104,180,27,11,51,4,2,13,1,0
2024-01-18 08:00:00,R105,140,52,23,13,4,0,2,1,0
2024-01-18 08:05:00,R105,57,21,50,93,3,1,9,0,1
2024-01-18 08:10:00,R102,141,12,11,101,2,2,12,1,0
2024-01-18 08:15:00,R104,45,16,28,101,4,0,4,0,0
2024-01-18 08:20:00,R104,148,15,89,15,4,2,21,1,2
2024-01-18 08:25:00,R105,23,54,98,44,2,1,16,1,0
2024-01-18 08:30:00,R104,58,48,10,74,3,0,16,1,0
2024-01-18 08:35:00,R105,73,60,11,66,2,2,10,1,0
